['Chess', 'CleanLab', 0.5, 'Sym', 300, 0]	90	80	70	60	0.3456861972808838	0.5294117647058824	0.6	0.5625	300
['Chess', 'CleanLab', 0.6, 'Asym', 300, 0]	111	63	57	69	0.4648425579071045	0.6379310344827587	0.6166666666666667	0.6271186440677966	300
['Chess', 'CleanLab', 0.4, 'Sym', 1000, 0]	256	276	324	144	1.3393425941467285	0.48120300751879697	0.64	0.5493562231759656	1000
['Chess', 'CleanLab', 0.05, 'Sym', 100, 0]	2	43	52	3	0.4166297912597656	0.044444444444444446	0.4	0.07999999999999999	100
['Chess', 'CleanLab', 0.2, 'Sym', 1000, 0]	146	363	437	54	0.9381000995635986	0.2868369351669941	0.73	0.4118476727785613	1000
['Chess', 'CleanLab', 0.7, 'Sym', 100, 0]	32	7	23	38	0.4085383415222168	0.8205128205128205	0.45714285714285713	0.5871559633027523	100
['Chess', 'CleanLab', 0.2, 'Asym', 300, 0]	43	116	124	17	0.6700060367584229	0.27044025157232704	0.7166666666666667	0.3926940639269406	300
['Chess', 'CleanLab', 0.7, 'Sym', 500, 0]	202	73	77	148	0.7065553665161133	0.7345454545454545	0.5771428571428572	0.6464	500
['Chess', 'CleanLab', 0.5, 'Asym', 300, 0]	90	80	70	60	0.5919327735900879	0.5294117647058824	0.6	0.5625	300
['Chess', 'CleanLab', 0.2, 'Sym', 500, 0]	72	202	198	28	0.9146931171417236	0.26277372262773724	0.72	0.3850267379679144	500
['Chess', 'CleanLab', 0.6, 'Sym', 1000, 0]	364	189	211	236	1.1131768226623535	0.6582278481012658	0.6066666666666667	0.6313963573287077	1000
['Chess', 'CleanLab', 0.1, 'Asym', 100, 0]	3	28	62	7	0.45649290084838867	0.0967741935483871	0.3	0.14634146341463414	100
['Chess', 'CleanLab', 0.4, 'Sym', 3000, 0]	771	728	1072	429	2.9985342025756836	0.514342895263509	0.6425	0.5713227121155984	3000
['Chess', 'CleanLab', 0.5, 'Asym', 3000, 0]	880	565	935	620	2.9107003211975098	0.6089965397923875	0.5866666666666667	0.5976230899830222	3000
['Chess', 'CleanLab', 0.6, 'Asym', 10000, 0]	3389	1455	2545	2611	7.307070016860962	0.6996284062758051	0.5648333333333333	0.6250461084470674	10000
['Chess', 'CleanLab', 0.3, 'Asym', 10000, 0]	1899	2826	4174	1101	10.63173794746399	0.40190476190476193	0.633	0.49165048543689316	10000
['Chess', 'CleanLab', 0.2, 'Sym', 100, 0]	3	35	45	17	0.3465540409088135	0.07894736842105263	0.15	0.10344827586206896	100
['Chess', 'CleanLab', 0.3, 'Sym', 300, 0]	51	105	105	39	0.5854222774505615	0.3269230769230769	0.5666666666666667	0.41463414634146345	300
['Chess', 'CleanLab', 0.7, 'Sym', 300, 0]	121	48	42	89	0.40456390380859375	0.7159763313609467	0.5761904761904761	0.6385224274406331	300
['Chess', 'CleanLab', 0.7, 'Asym', 300, 0]	113	50	40	97	0.5649425983428955	0.6932515337423313	0.5380952380952381	0.6058981233243969	300
['Chess', 'CleanLab', 0.4, 'Asym', 300, 0]	76	84	96	44	0.6037564277648926	0.475	0.6333333333333333	0.5428571428571427	300
['Chess', 'CleanLab', 0.4, 'Sym', 100, 0]	16	19	41	24	0.40591001510620117	0.45714285714285713	0.4	0.42666666666666664	100
['Chess', 'CleanLab', 0.3, 'Asym', 300, 0]	66	89	121	24	0.6513452529907227	0.4258064516129032	0.7333333333333333	0.5387755102040815	300
['Chess', 'CleanLab', 0.05, 'Asym', 300, 0]	11	149	136	4	0.7030775547027588	0.06875	0.7333333333333333	0.12571428571428572	300
['Chess', 'CleanLab', 0.5, 'Sym', 1000, 0]	314	237	263	186	1.0529236793518066	0.5698729582577132	0.628	0.5975261655566128	1000
['Chess', 'CleanLab', 0.5, 'Asym', 1000, 0]	302	247	253	198	1.2082998752593994	0.5500910746812386	0.604	0.5757864632983793	1000
['Chess', 'CleanLab', 0.1, 'Asym', 1000, 0]	74	439	461	26	1.5124056339263916	0.1442495126705653	0.74	0.24143556280587275	1000
['Chess', 'CleanLab', 0.05, 'Asym', 1000, 0]	40	449	501	10	1.5043256282806396	0.081799591002045	0.8	0.14842300556586271	1000
['Chess', 'CleanLab', 0.4, 'Asym', 100, 0]	12	20	40	28	0.45334672927856445	0.375	0.3	0.33333333333333326	100
['Chess', 'CleanLab', 0.05, 'Sym', 500, 0]	19	241	234	6	0.978492259979248	0.07307692307692308	0.76	0.13333333333333336	500
['Chess', 'CleanLab', 0.05, 'Asym', 100, 0]	4	39	56	1	0.5267987251281738	0.09302325581395349	0.8	0.16666666666666666	100
['Chess', 'CleanLab', 0.5, 'Asym', 100, 0]	18	18	32	32	0.43614745140075684	0.5	0.36	0.41860465116279066	100
['Chess', 'CleanLab', 0.6, 'Sym', 10000, 0]	3441	1346	2654	2559	5.534971475601196	0.7188218090662211	0.5735	0.6379901733568184	10000
['Chess', 'CleanLab', 0.3, 'Sym', 10000, 0]	1979	2792	4208	1021	7.158822536468506	0.4147977363236219	0.6596666666666666	0.5093295586153648	10000
['Chess', 'CleanLab', 0.1, 'Sym', 10000, 0]	732	3909	5091	268	8.691147565841675	0.1577246283128636	0.732	0.25952845240205635	10000
['Chess', 'CleanLab', 0.2, 'Asym', 100, 0]	9	23	57	11	0.3727569580078125	0.28125	0.45	0.34615384615384615	100
['Chess', 'CleanLab', 0.7, 'Asym', 100, 0]	25	8	22	45	0.4682629108428955	0.7575757575757576	0.35714285714285715	0.48543689320388345	100
['Chess', 'CleanLab', 0.1, 'Sym', 100, 0]	1	30	60	9	0.22321248054504395	0.03225806451612903	0.1	0.04878048780487805	100
['Chess', 'CleanLab', 0.6, 'Sym', 500, 0]	194	97	103	106	0.4783031940460205	0.6666666666666666	0.6466666666666666	0.6565143824027072	500
['Chess', 'CleanLab', 0.4, 'Sym', 500, 0]	129	143	157	71	0.6195130348205566	0.4742647058823529	0.645	0.5466101694915255	500
['Chess', 'CleanLab', 0.5, 'Sym', 100, 0]	17	17	33	33	0.40261363983154297	0.5	0.34	0.40476190476190477	100
['Chess', 'CleanLab', 0.2, 'Asym', 10000, 0]	1324	3373	4627	676	9.437827825546265	0.28188205237385566	0.662	0.3954009257876661	10000
['Chess', 'CleanLab', 0.3, 'Sym', 500, 0]	110	165	185	40	0.7856769561767578	0.4	0.7333333333333333	0.5176470588235295	500
['Chess', 'CleanLab', 0.4, 'Asym', 1000, 0]	262	288	312	138	1.0678458213806152	0.4763636363636364	0.655	0.5515789473684212	1000
['Chess', 'CleanLab', 0.5, 'Sym', 500, 0]	178	113	137	72	0.685727596282959	0.6116838487972509	0.712	0.6580406654343808	500
['Chess', 'CleanLab', 0.7, 'Sym', 5000, 0]	1883	563	937	1617	2.228213310241699	0.7698282910874897	0.538	0.6333669693911873	5000
['Chess', 'CleanLab', 0.6, 'Asym', 5000, 0]	1704	748	1252	1296	3.86794114112854	0.6949429037520392	0.568	0.6250917094644166	5000
['Chess', 'CleanLab', 0.5, 'Sym', 5000, 0]	1522	936	1564	978	2.977811813354492	0.6192026037428804	0.6088	0.6139572408229125	5000
['Chess', 'CleanLab', 0.05, 'Sym', 300, 0]	12	153	132	3	0.413388729095459	0.07272727272727272	0.8	0.13333333333333333	300
['Chess', 'CleanLab', 0.5, 'Asym', 500, 0]	159	134	116	91	0.6932892799377441	0.5426621160409556	0.636	0.585635359116022	500
['Chess', 'CleanLab', 0.3, 'Asym', 5000, 0]	966	1458	2042	534	4.930081844329834	0.39851485148514854	0.644	0.4923547400611621	5000
['Chess', 'CleanLab', 0.4, 'Asym', 5000, 0]	1214	1193	1807	786	4.5569541454315186	0.5043622766929788	0.607	0.5509416836850465	5000
['Chess', 'CleanLab', 0.4, 'Asym', 10000, 0]	2444	2221	3779	1556	9.017343759536743	0.5239013933547696	0.611	0.5641084824004616	10000
['Chess', 'CleanLab', 0.6, 'Sym', 300, 0]	104	62	58	76	0.5224082469940186	0.6265060240963856	0.5777777777777777	0.6011560693641618	300
['Chess', 'CleanLab', 0.4, 'Sym', 300, 0]	78	95	85	42	0.6171903610229492	0.4508670520231214	0.65	0.5324232081911262	300
['Chess', 'CleanLab', 0.2, 'Sym', 300, 0]	31	124	116	29	0.7077548503875732	0.2	0.5166666666666667	0.2883720930232558	300
['Chess', 'CleanLab', 0.3, 'Sym', 3000, 0]	602	887	1213	298	2.475560426712036	0.4042981867024849	0.6688888888888889	0.5039765592298032	3000
['Chess', 'CleanLab', 0.5, 'Asym', 5000, 0]	1454	948	1552	1046	4.169007301330566	0.6053288925895087	0.5816	0.5932272541819665	5000
['Chess', 'CleanLab', 0.3, 'Sym', 5000, 0]	990	1410	2090	510	10.280169010162354	0.4125	0.66	0.5076923076923077	5000
['Chess', 'CleanLab', 0.1, 'Asym', 10000, 0]	712	3961	5039	288	13.123092651367188	0.1523646479777445	0.712	0.2510135730653975	10000
['Chess', 'CleanLab', 0.05, 'Asym', 10000, 0]	382	4258	5242	118	13.437395572662354	0.08232758620689655	0.764	0.14863813229571984	10000
['Chess', 'CleanLab', 0.1, 'Asym', 5000, 0]	362	1993	2507	138	36.01549482345581	0.15371549893842887	0.724	0.25359019264448335	5000
['Chess', 'CleanLab', 0.6, 'Asym', 300, 0]	111	59	61	69	0.3569929599761963	0.6529411764705882	0.6166666666666667	0.6342857142857143	300
['Chess', 'CleanLab', 0.6, 'Sym', 300, 0]	111	59	61	69	0.5088164806365967	0.6529411764705882	0.6166666666666667	0.6342857142857143	300
['Chess', 'CleanLab', 0.5, 'Asym', 100, 0]	18	20	30	32	0.24920988082885742	0.47368421052631576	0.36	0.40909090909090906	100
['Chess', 'CleanLab', 0.05, 'Sym', 1000, 0]	37	439	511	13	0.885016679763794	0.07773109243697479	0.74	0.14068441064638784	1000
['Chess', 'CleanLab', 0.6, 'Asym', 100, 0]	24	16	24	36	0.2330472469329834	0.6	0.4	0.48	100
['Chess', 'CleanLab', 0.5, 'Asym', 300, 0]	89	81	69	61	0.36521148681640625	0.5235294117647059	0.5933333333333334	0.55625	300
['Chess', 'CleanLab', 0.5, 'Sym', 300, 0]	96	81	69	54	0.36919522285461426	0.5423728813559322	0.64	0.5871559633027523	300
['Chess', 'CleanLab', 0.05, 'Asym', 500, 0]	16	230	245	9	0.528933048248291	0.06504065040650407	0.64	0.11808118081180813	500
['Chess', 'CleanLab', 0.05, 'Sym', 500, 0]	19	243	232	6	0.617516040802002	0.07251908396946564	0.76	0.13240418118466898	500
['Chess', 'CleanLab', 0.7, 'Asym', 300, 0]	124	39	51	86	0.48531365394592285	0.7607361963190185	0.5904761904761905	0.6648793565683645	300
['Chess', 'CleanLab', 0.7, 'Sym', 300, 0]	114	58	32	96	0.31531858444213867	0.6627906976744186	0.5428571428571428	0.5968586387434555	300
['Chess', 'CleanLab', 0.5, 'Asym', 1000, 0]	316	240	260	184	1.0290708541870117	0.5683453237410072	0.632	0.5984848484848484	1000
['Chess', 'CleanLab', 0.1, 'Asym', 1000, 0]	73	428	472	27	1.4481723308563232	0.14570858283433133	0.73	0.24292845257903492	1000
['Chess', 'CleanLab', 0.1, 'Sym', 1000, 0]	74	458	442	26	1.5050134658813477	0.13909774436090225	0.74	0.23417721518987342	1000
['Chess', 'CleanLab', 0.1, 'Asym', 500, 0]	34	233	217	16	0.5435850620269775	0.12734082397003746	0.68	0.21451104100946375	500
['Chess', 'CleanLab', 0.4, 'Asym', 100, 0]	14	25	35	26	0.4852917194366455	0.358974358974359	0.35	0.3544303797468355	100
['Chess', 'CleanLab', 0.4, 'Sym', 100, 0]	13	22	38	27	0.23036670684814453	0.37142857142857144	0.325	0.3466666666666667	100
['Chess', 'CleanLab', 0.4, 'Sym', 300, 0]	79	94	86	41	0.3485701084136963	0.45664739884393063	0.6583333333333333	0.5392491467576792	300
['Chess', 'CleanLab', 0.2, 'Asym', 1000, 0]	134	375	425	66	1.3241353034973145	0.2632612966601179	0.67	0.37799717912552894	1000
['Chess', 'CleanLab', 0.2, 'Sym', 1000, 0]	139	370	430	61	0.9587006568908691	0.2730844793713163	0.695	0.3921015514809591	1000
['Chess', 'CleanLab', 0.2, 'Asym', 500, 0]	74	185	215	26	0.887155294418335	0.2857142857142857	0.74	0.4122562674094707	500
['Chess', 'CleanLab', 0.3, 'Asym', 100, 0]	12	21	49	18	0.2924807071685791	0.36363636363636365	0.4	0.380952380952381	100
['Chess', 'CleanLab', 0.3, 'Sym', 100, 0]	11	21	49	19	0.4785926342010498	0.34375	0.36666666666666664	0.3548387096774193	100
['Chess', 'CleanLab', 0.3, 'Sym', 300, 0]	56	105	105	34	0.5505185127258301	0.34782608695652173	0.6222222222222222	0.44621513944223107	300
['Chess', 'CleanLab', 0.3, 'Asym', 1000, 0]	198	325	375	102	0.7813384532928467	0.37858508604206503	0.66	0.48116646415552855	1000
['Chess', 'CleanLab', 0.3, 'Sym', 1000, 0]	199	342	358	101	0.8596928119659424	0.3678373382624769	0.6633333333333333	0.47324613555291317	1000
['Chess', 'CleanLab', 0.05, 'Sym', 100, 0]	2	34	61	3	0.4406139850616455	0.05555555555555555	0.4	0.09756097560975609	100
['Chess', 'CleanLab', 0.05, 'Asym', 100, 0]	2	32	63	3	0.30302929878234863	0.058823529411764705	0.4	0.10256410256410256	100
['Chess', 'CleanLab', 0.6, 'Sym', 100, 0]	18	15	25	42	0.40189266204833984	0.5454545454545454	0.3	0.3870967741935483	100
['Chess', 'CleanLab', 0.7, 'Asym', 1000, 0]	387	126	174	313	1.0160460472106934	0.7543859649122807	0.5528571428571428	0.6380873866446826	1000
['Chess', 'CleanLab', 0.05, 'Asym', 1000, 0]	41	446	504	9	1.3952317237854004	0.08418891170431211	0.82	0.1527001862197393	1000
['Chess', 'CleanLab', 0.2, 'Sym', 300, 0]	38	130	110	22	0.4400491714477539	0.2261904761904762	0.6333333333333333	0.3333333333333333	300
['Chess', 'CleanLab', 0.2, 'Asym', 300, 0]	45	126	114	15	0.6385691165924072	0.2631578947368421	0.75	0.38961038961038963	300
['Chess', 'CleanLab', 0.1, 'Sym', 100, 0]	4	30	60	6	0.3859865665435791	0.11764705882352941	0.4	0.1818181818181818	100
['Chess', 'CleanLab', 0.1, 'Sym', 300, 0]	18	140	130	12	0.4428436756134033	0.11392405063291139	0.6	0.19148936170212763	300
['Chess', 'CleanLab', 0.2, 'Sym', 500, 0]	72	215	185	28	0.9384558200836182	0.2508710801393728	0.72	0.37209302325581395	500
['Chess', 'CleanLab', 0.1, 'Asym', 100, 0]	6	32	58	4	0.40297722816467285	0.15789473684210525	0.6	0.25	100
['Chess', 'CleanLab', 0.6, 'Sym', 500, 0]	189	96	104	111	0.7109439373016357	0.6631578947368421	0.63	0.6461538461538461	500
['Chess', 'CleanLab', 0.6, 'Asym', 500, 0]	171	117	83	129	0.689896821975708	0.59375	0.57	0.5816326530612245	500
['Chess', 'CleanLab', 0.6, 'Sym', 1000, 0]	360	168	232	240	1.081113576889038	0.6818181818181818	0.6	0.6382978723404256	1000
['Chess', 'CleanLab', 0.1, 'Asym', 300, 0]	23	133	137	7	0.6283714771270752	0.14743589743589744	0.7666666666666667	0.24731182795698925	300
['Chess', 'CleanLab', 0.5, 'Sym', 500, 0]	166	120	130	84	0.8301830291748047	0.5804195804195804	0.664	0.6194029850746269	500
['Chess', 'CleanLab', 0.7, 'Sym', 100, 0]	28	11	19	42	0.4731583595275879	0.717948717948718	0.4	0.5137614678899083	100
['Chess', 'CleanLab', 0.6, 'Asym', 1000, 0]	367	174	226	233	1.065218448638916	0.678373382624769	0.6116666666666667	0.6432953549517967	1000
['Chess', 'CleanLab', 0.5, 'Asym', 500, 0]	153	127	123	97	0.7650353908538818	0.5464285714285714	0.612	0.5773584905660377	500
['Chess', 'CleanLab', 0.1, 'Sym', 500, 0]	39	233	217	11	0.8167054653167725	0.14338235294117646	0.78	0.24223602484472048	500
['Chess', 'CleanLab', 0.7, 'Asym', 100, 0]	27	12	18	43	0.44658732414245605	0.6923076923076923	0.38571428571428573	0.4954128440366973	100
['Chess', 'CleanLab', 0.2, 'Sym', 100, 0]	10	25	55	10	0.43297839164733887	0.2857142857142857	0.5	0.36363636363636365	100
['Chess', 'CleanLab', 0.2, 'Asym', 100, 0]	9	30	50	11	0.27100658416748047	0.23076923076923078	0.45	0.3050847457627119	100
['Chess', 'CleanLab', 0.05, 'Sym', 300, 0]	9	139	146	6	0.39142823219299316	0.060810810810810814	0.6	0.11042944785276074	300
['Chess', 'CleanLab', 0.05, 'Asym', 300, 0]	10	145	140	5	0.4257035255432129	0.06451612903225806	0.6666666666666666	0.1176470588235294	300
['Chess', 'CleanLab', 0.3, 'Sym', 500, 0]	98	162	188	52	0.5678236484527588	0.3769230769230769	0.6533333333333333	0.47804878048780486	500
['Chess', 'CleanLab', 0.4, 'Asym', 500, 0]	129	149	151	71	0.7905373573303223	0.46402877697841727	0.645	0.5397489539748954	500
['Chess', 'CleanLab', 0.7, 'Sym', 500, 0]	202	79	71	148	0.43988823890686035	0.7188612099644128	0.5771428571428572	0.6402535657686214	500
['Chess', 'CleanLab', 0.3, 'Asym', 300, 0]	62	96	114	28	0.3810281753540039	0.3924050632911392	0.6888888888888889	0.4999999999999999	300
['Chess', 'CleanLab', 0.5, 'Sym', 1000, 0]	316	222	278	184	0.7306761741638184	0.587360594795539	0.632	0.6088631984585742	1000
['Chess', 'CleanLab', 0.7, 'Asym', 500, 0]	202	71	79	148	0.41820240020751953	0.73992673992674	0.5771428571428572	0.6484751203852328	500
['Chess', 'CleanLab', 0.5, 'Sym', 100, 0]	16	17	33	34	0.295534610748291	0.48484848484848486	0.32	0.38554216867469876	100
['Chess', 'CleanLab', 0.7, 'Sym', 1000, 0]	408	133	167	292	0.6731457710266113	0.7541589648798521	0.5828571428571429	0.6575342465753424	1000
['Chess', 'CleanLab', 0.3, 'Asym', 500, 0]	100	180	170	50	0.5167131423950195	0.35714285714285715	0.6666666666666666	0.46511627906976744	500
['Chess', 'CleanLab', 0.4, 'Asym', 300, 0]	78	83	97	42	0.38527607917785645	0.484472049689441	0.65	0.5551601423487543	300
['Chess', 'CleanLab', 0.4, 'Asym', 1000, 0]	252	272	328	148	0.7767062187194824	0.48091603053435117	0.63	0.5454545454545455	1000
['Chess', 'CleanLab', 0.4, 'Sym', 500, 0]	132	161	139	68	0.4713160991668701	0.45051194539249145	0.66	0.5354969574036511	500
['Chess', 'CleanLab', 0.4, 'Sym', 1000, 0]	268	272	328	132	0.844085693359375	0.4962962962962963	0.67	0.5702127659574469	1000
['Chess', 'CleanLab', 0.05, 'Sym', 500, 0]	18	250	225	7	0.6637294292449951	0.06716417910447761	0.72	0.12286689419795223	500
['Chess', 'CleanLab', 0.5, 'Asym', 100, 0]	20	15	35	30	0.24777650833129883	0.5714285714285714	0.4	0.47058823529411764	100
['Chess', 'CleanLab', 0.5, 'Sym', 300, 0]	94	73	77	56	0.33847928047180176	0.562874251497006	0.6266666666666667	0.5930599369085174	300
['Chess', 'CleanLab', 0.2, 'Asym', 1000, 0]	137	358	442	63	0.9406280517578125	0.2767676767676768	0.685	0.3942446043165468	1000
['Chess', 'CleanLab', 0.4, 'Sym', 300, 0]	79	84	96	41	0.34120917320251465	0.48466257668711654	0.6583333333333333	0.5583038869257951	300
['Chess', 'CleanLab', 0.4, 'Asym', 300, 0]	75	88	92	45	0.37514376640319824	0.4601226993865031	0.625	0.5300353356890459	300
['Chess', 'CleanLab', 0.3, 'Sym', 100, 0]	9	25	45	21	0.24892663955688477	0.2647058823529412	0.3	0.28125	100
['Chess', 'CleanLab', 0.7, 'Sym', 500, 0]	214	76	74	136	0.6564114093780518	0.7379310344827587	0.6114285714285714	0.66875	500
['Chess', 'CleanLab', 0.2, 'Sym', 500, 0]	71	206	194	29	0.7791364192962646	0.2563176895306859	0.71	0.37665782493368694	500
['Chess', 'CleanLab', 0.2, 'Asym', 500, 0]	81	212	188	19	0.503913164138794	0.2764505119453925	0.81	0.41221374045801534	500
['Chess', 'CleanLab', 0.3, 'Sym', 500, 0]	100	194	156	50	0.5080959796905518	0.3401360544217687	0.6666666666666666	0.4504504504504504	500
['Chess', 'CleanLab', 0.7, 'Asym', 100, 0]	26	8	22	44	0.31017208099365234	0.7647058823529411	0.37142857142857144	0.5	100
['Chess', 'CleanLab', 0.3, 'Asym', 300, 0]	56	113	97	34	0.3801612854003906	0.33136094674556216	0.6222222222222222	0.43243243243243246	300
['Chess', 'CleanLab', 0.7, 'Sym', 300, 0]	127	47	43	83	0.3670165538787842	0.7298850574712644	0.6047619047619047	0.6614583333333334	300
['Chess', 'CleanLab', 0.7, 'Asym', 300, 0]	123	46	44	87	0.5182664394378662	0.727810650887574	0.5857142857142857	0.6490765171503958	300
['Chess', 'CleanLab', 0.7, 'Asym', 500, 0]	211	75	75	139	0.4248945713043213	0.7377622377622378	0.6028571428571429	0.6635220125786164	500
['Chess', 'CleanLab', 0.2, 'Sym', 1000, 0]	145	375	425	55	1.2783238887786865	0.27884615384615385	0.725	0.4027777777777778	1000
['Chess', 'CleanLab', 0.05, 'Asym', 500, 0]	19	241	234	6	0.6263885498046875	0.07307692307692308	0.76	0.13333333333333336	500
['Chess', 'CleanLab', 0.6, 'Sym', 300, 0]	107	60	60	73	0.33495044708251953	0.6407185628742516	0.5944444444444444	0.6167146974063401	300
['Chess', 'CleanLab', 0.6, 'Asym', 300, 0]	101	63	57	79	0.4879164695739746	0.6158536585365854	0.5611111111111111	0.5872093023255813	300
['Chess', 'CleanLab', 0.6, 'Sym', 500, 0]	179	103	97	121	0.6707279682159424	0.6347517730496454	0.5966666666666667	0.6151202749140894	500
['Chess', 'CleanLab', 0.1, 'Sym', 500, 0]	35	227	223	15	0.5682342052459717	0.13358778625954199	0.7	0.22435897435897434	500
['Chess', 'CleanLab', 0.1, 'Asym', 500, 0]	39	216	234	11	0.8905065059661865	0.15294117647058825	0.78	0.2557377049180328	500
['Chess', 'CleanLab', 0.6, 'Asym', 100, 0]	25	12	28	35	0.3041362762451172	0.6756756756756757	0.4166666666666667	0.5154639175257731	100
['Chess', 'CleanLab', 0.1, 'Sym', 1000, 0]	76	451	449	24	0.8414466381072998	0.1442125237191651	0.76	0.24242424242424243	1000
['Chess', 'CleanLab', 0.1, 'Asym', 300, 0]	23	139	131	7	0.38790202140808105	0.1419753086419753	0.7666666666666667	0.23958333333333334	300
['Chess', 'CleanLab', 0.6, 'Sym', 100, 0]	19	15	25	41	0.4329111576080322	0.5588235294117647	0.31666666666666665	0.4042553191489362	100
['Chess', 'CleanLab', 0.5, 'Asym', 300, 0]	99	72	78	51	0.34835124015808105	0.5789473684210527	0.66	0.616822429906542	300
['Chess', 'CleanLab', 0.2, 'Asym', 300, 0]	38	121	119	22	0.3812289237976074	0.2389937106918239	0.6333333333333333	0.3470319634703196	300
['Chess', 'CleanLab', 0.7, 'Sym', 100, 0]	31	8	22	39	0.24869728088378906	0.7948717948717948	0.44285714285714284	0.5688073394495412	100
['Chess', 'CleanLab', 0.2, 'Sym', 300, 0]	44	114	126	16	0.39896392822265625	0.27848101265822783	0.7333333333333333	0.40366972477064217	300
['Chess', 'CleanLab', 0.5, 'Sym', 500, 0]	162	117	133	88	0.45055365562438965	0.5806451612903226	0.648	0.612476370510397	500
['Chess', 'CleanLab', 0.6, 'Asym', 1000, 0]	351	174	226	249	0.678882360458374	0.6685714285714286	0.585	0.624	1000
['Chess', 'CleanLab', 0.5, 'Asym', 500, 0]	152	120	130	98	0.4537546634674072	0.5588235294117647	0.608	0.5823754789272031	500
['Chess', 'CleanLab', 0.05, 'Sym', 1000, 0]	35	475	475	15	0.9967081546783447	0.06862745098039216	0.7	0.12500000000000003	1000
['Chess', 'CleanLab', 0.05, 'Asym', 1000, 0]	41	469	481	9	0.91668701171875	0.0803921568627451	0.82	0.14642857142857144	1000
['Chess', 'CleanLab', 0.3, 'Asym', 1000, 0]	192	337	363	108	0.7395129203796387	0.3629489603024575	0.64	0.4632086851628468	1000
['Chess', 'CleanLab', 0.5, 'Sym', 1000, 0]	335	201	299	165	0.7435653209686279	0.625	0.67	0.6467181467181468	1000
['Chess', 'CleanLab', 0.5, 'Asym', 1000, 0]	331	224	276	169	0.7718703746795654	0.5963963963963964	0.662	0.6274881516587678	1000
['Chess', 'CleanLab', 0.1, 'Sym', 300, 0]	25	142	128	5	0.3903322219848633	0.1497005988023952	0.8333333333333334	0.25380710659898476	300
['Chess', 'CleanLab', 0.4, 'Sym', 1000, 0]	246	289	311	154	0.7231216430664062	0.45981308411214955	0.615	0.5262032085561498	1000
['Chess', 'CleanLab', 0.4, 'Asym', 500, 0]	136	146	154	64	0.42880749702453613	0.48226950354609927	0.68	0.5643153526970954	500
['Chess', 'CleanLab', 0.1, 'Asym', 100, 0]	0	40	50	10	0.29795098304748535	0.0	0.0	0.0	100
['Chess', 'CleanLab', 0.7, 'Asym', 1000, 0]	397	142	158	303	0.6631639003753662	0.7365491651205937	0.5671428571428572	0.6408393866020985	1000
['Chess', 'CleanLab', 0.4, 'Sym', 500, 0]	126	148	152	74	0.4660365581512451	0.45985401459854014	0.63	0.5316455696202532	500
['Chess', 'CleanLab', 0.1, 'Sym', 100, 0]	4	34	56	6	0.2579364776611328	0.10526315789473684	0.4	0.16666666666666666	100
['Chess', 'CleanLab', 0.6, 'Asym', 500, 0]	191	86	114	109	0.46184706687927246	0.6895306859205776	0.6366666666666667	0.6620450606585789	500
['Chess', 'CleanLab', 0.7, 'Sym', 1000, 0]	398	155	145	302	0.745577335357666	0.7197106690777577	0.5685714285714286	0.6352753391859538	1000
['Chess', 'CleanLab', 0.05, 'Asym', 100, 0]	2	34	61	3	0.31182336807250977	0.05555555555555555	0.4	0.09756097560975609	100
['Chess', 'CleanLab', 0.05, 'Sym', 300, 0]	12	146	139	3	0.4018278121948242	0.0759493670886076	0.8	0.13872832369942198	300
['Chess', 'CleanLab', 0.05, 'Asym', 300, 0]	12	148	137	3	0.3760507106781006	0.075	0.8	0.13714285714285715	300
['Chess', 'CleanLab', 0.3, 'Sym', 1000, 0]	195	341	359	105	0.7999269962310791	0.36380597014925375	0.65	0.46650717703349276	1000
['Chess', 'CleanLab', 0.4, 'Asym', 100, 0]	17	20	40	23	0.29106879234313965	0.4594594594594595	0.425	0.44155844155844154	100
['Chess', 'CleanLab', 0.3, 'Asym', 100, 0]	11	28	42	19	0.3097724914550781	0.28205128205128205	0.36666666666666664	0.31884057971014496	100
['Chess', 'CleanLab', 0.1, 'Asym', 1000, 0]	75	448	452	25	0.9553663730621338	0.14340344168260039	0.75	0.2407704654895666	1000
['Chess', 'CleanLab', 0.05, 'Sym', 100, 0]	1	34	61	4	0.3282468318939209	0.02857142857142857	0.2	0.049999999999999996	100
['Chess', 'CleanLab', 0.4, 'Sym', 100, 0]	15	18	42	25	0.24254441261291504	0.45454545454545453	0.375	0.410958904109589	100
['Chess', 'CleanLab', 0.2, 'Asym', 100, 0]	6	27	53	14	0.2376546859741211	0.18181818181818182	0.3	0.22641509433962265	100
['Chess', 'CleanLab', 0.5, 'Sym', 100, 0]	19	18	32	31	0.24178600311279297	0.5135135135135135	0.38	0.4367816091954023	100
['Chess', 'CleanLab', 0.6, 'Sym', 1000, 0]	366	173	227	234	0.704857587814331	0.6790352504638218	0.61	0.6426690079016681	1000
['Chess', 'CleanLab', 0.3, 'Sym', 300, 0]	54	118	92	36	0.35820984840393066	0.313953488372093	0.6	0.41221374045801523	300
['Chess', 'CleanLab', 0.2, 'Sym', 100, 0]	7	26	54	13	0.2605774402618408	0.21212121212121213	0.35	0.26415094339622636	100
['Chess', 'CleanLab', 0.4, 'Asym', 1000, 0]	261	283	317	139	0.7514441013336182	0.4797794117647059	0.6525	0.5529661016949152	1000
['Chess', 'CleanLab', 0.3, 'Asym', 500, 0]	101	177	173	49	0.45041704177856445	0.36330935251798563	0.6733333333333333	0.47196261682242996	500
