['DryBean', 'CleanLab', 0.3, 'Asym', 300, 0]	61	13	197	29	2.3332881927490234	0.8243243243243243	0.6777777777777778	0.7439024390243902	300
['DryBean', 'CleanLab', 0.7, 'Sym', 100, 0]	30	18	12	40	1.5593833923339844	0.625	0.42857142857142855	0.5084745762711864	100
['DryBean', 'CleanLab', 0.7, 'Asym', 500, 0]	221	7	143	129	1.2786476612091064	0.9692982456140351	0.6314285714285715	0.7647058823529411	500
['DryBean', 'CleanLab', 0.6, 'Sym', 1000, 0]	424	39	361	176	1.1733882427215576	0.9157667386609071	0.7066666666666667	0.7977422389463781	1000
['DryBean', 'CleanLab', 0.1, 'Asym', 100, 0]	5	12	78	5	1.83485746383667	0.29411764705882354	0.5	0.37037037037037035	100
['DryBean', 'CleanLab', 0.2, 'Sym', 500, 0]	87	21	379	13	2.8444621562957764	0.8055555555555556	0.87	0.8365384615384616	500
['DryBean', 'CleanLab', 0.5, 'Asym', 3000, 0]	998	24	1476	502	7.388799667358398	0.9765166340508806	0.6653333333333333	0.7914353687549565	3000
['DryBean', 'CleanLab', 0.7, 'Asym', 10000, 0]	4608	147	2853	2392	8.598410367965698	0.9690851735015773	0.6582857142857143	0.784006805614632	10000
['DryBean', 'CleanLab', 0.3, 'Asym', 3000, 0]	505	42	2058	395	8.466128587722778	0.923217550274223	0.5611111111111111	0.6979958534899793	3000
['DryBean', 'CleanLab', 0.4, 'Sym', 3000, 0]	941	66	1734	259	16.841460943222046	0.9344587884806356	0.7841666666666667	0.8527412777526053	3000
['DryBean', 'CleanLab', 0.05, 'Sym', 10000, 0]	452	371	9129	48	23.425467014312744	0.5492102065613609	0.904	0.6832955404383977	10000
['DryBean', 'CleanLab', 0.3, 'Asym', 10000, 0]	1830	95	6905	1170	23.541069269180298	0.9506493506493506	0.61	0.7431472081218274	10000
['DryBean', 'CleanLab', 0.1, 'Asym', 5000, 0]	194	107	4393	306	12.713195323944092	0.6445182724252492	0.388	0.484394506866417	5000
['DryBean', 'CleanLab', 0.1, 'Asym', 10000, 0]	432	201	8799	568	20.14729404449463	0.6824644549763034	0.432	0.5290875688916105	10000
['DryBean', 'CleanLab', 0.4, 'Sym', 300, 0]	86	8	172	34	1.9412732124328613	0.9148936170212766	0.7166666666666667	0.8037383177570094	300
['DryBean', 'CleanLab', 0.05, 'Sym', 300, 0]	12	22	263	3	2.3240432739257812	0.35294117647058826	0.8	0.489795918367347	300
['DryBean', 'CleanLab', 0.5, 'Sym', 500, 0]	174	18	232	76	2.082820415496826	0.90625	0.696	0.7873303167420814	500
['DryBean', 'CleanLab', 0.7, 'Sym', 500, 0]	219	30	120	131	1.4265189170837402	0.8795180722891566	0.6257142857142857	0.731218697829716	500
['DryBean', 'CleanLab', 0.5, 'Asym', 100, 0]	31	2	48	19	1.4245147705078125	0.9393939393939394	0.62	0.7469879518072288	100
['DryBean', 'CleanLab', 0.6, 'Sym', 500, 0]	212	14	186	88	1.822504997253418	0.9380530973451328	0.7066666666666667	0.8060836501901141	500
['DryBean', 'CleanLab', 0.6, 'Asym', 1000, 0]	371	13	387	229	3.4555938243865967	0.9661458333333334	0.6183333333333333	0.7540650406504065	1000
['DryBean', 'CleanLab', 0.4, 'Sym', 500, 0]	156	22	278	44	2.1540486812591553	0.8764044943820225	0.78	0.8253968253968254	500
['DryBean', 'CleanLab', 0.7, 'Asym', 100, 0]	40	4	26	30	1.2119526863098145	0.9090909090909091	0.5714285714285714	0.7017543859649122	100
['DryBean', 'CleanLab', 0.6, 'Sym', 10000, 0]	4156	251	3749	1844	5.442431926727295	0.9430451554345359	0.6926666666666667	0.7986931872777937	10000
['DryBean', 'CleanLab', 0.2, 'Sym', 1000, 0]	172	23	777	28	3.9851417541503906	0.882051282051282	0.86	0.8708860759493672	1000
['DryBean', 'CleanLab', 0.3, 'Asym', 5000, 0]	879	54	3446	621	12.873955011367798	0.9421221864951769	0.586	0.7225647348951911	5000
['DryBean', 'CleanLab', 0.05, 'Asym', 100, 0]	3	6	89	2	1.8390066623687744	0.3333333333333333	0.6	0.42857142857142855	100
['DryBean', 'CleanLab', 0.2, 'Asym', 100, 0]	17	5	75	3	1.854217767715454	0.7727272727272727	0.85	0.8095238095238095	100
['DryBean', 'CleanLab', 0.4, 'Asym', 100, 0]	28	9	51	12	1.4151511192321777	0.7567567567567568	0.7	0.7272727272727273	100
['DryBean', 'CleanLab', 0.2, 'Asym', 300, 0]	33	8	232	27	2.352599620819092	0.8048780487804879	0.55	0.6534653465346535	300
['DryBean', 'CleanLab', 0.05, 'Sym', 5000, 0]	219	175	4575	31	13.128488779067993	0.5558375634517766	0.876	0.6801242236024845	5000
['DryBean', 'CleanLab', 0.3, 'Sym', 1000, 0]	252	21	679	48	3.9251890182495117	0.9230769230769231	0.84	0.8795811518324608	1000
['DryBean', 'CleanLab', 0.05, 'Sym', 500, 0]	20	14	461	5	2.902419328689575	0.5882352941176471	0.8	0.6779661016949153	500
['DryBean', 'CleanLab', 0.7, 'Asym', 300, 0]	129	16	74	81	1.4569792747497559	0.8896551724137931	0.6142857142857143	0.7267605633802817	300
['DryBean', 'CleanLab', 0.3, 'Sym', 500, 0]	126	16	334	24	2.752175807952881	0.8873239436619719	0.84	0.863013698630137	500
['DryBean', 'CleanLab', 0.5, 'Sym', 1000, 0]	364	38	462	136	2.6156365871429443	0.9054726368159204	0.728	0.8070953436807096	1000
['DryBean', 'CleanLab', 0.5, 'Asym', 1000, 0]	314	6	494	186	3.3381729125976562	0.98125	0.628	0.7658536585365855	1000
['DryBean', 'CleanLab', 0.4, 'Asym', 300, 0]	90	6	174	30	2.3479397296905518	0.9375	0.75	0.8333333333333334	300
['DryBean', 'CleanLab', 0.05, 'Asym', 300, 0]	8	16	269	7	2.357168436050415	0.3333333333333333	0.5333333333333333	0.4102564102564102	300
['DryBean', 'CleanLab', 0.5, 'Sym', 100, 0]	33	8	42	17	1.8319482803344727	0.8048780487804879	0.66	0.7252747252747254	100
['DryBean', 'CleanLab', 0.6, 'Asym', 300, 0]	112	14	106	68	2.2872612476348877	0.8888888888888888	0.6222222222222222	0.7320261437908496	300
['DryBean', 'CleanLab', 0.1, 'Sym', 10000, 0]	914	334	8666	86	16.71186637878418	0.7323717948717948	0.914	0.8131672597864769	10000
['DryBean', 'CleanLab', 0.3, 'Sym', 10000, 0]	2605	233	6767	395	16.63713836669922	0.9178999295278365	0.8683333333333333	0.8924289140116478	10000
['DryBean', 'CleanLab', 0.4, 'Asym', 10000, 0]	2623	80	5920	1377	21.871737480163574	0.9704032556418793	0.65575	0.7826346412054304	10000
['DryBean', 'CleanLab', 0.4, 'Sym', 100, 0]	23	9	51	17	1.2347438335418701	0.71875	0.575	0.6388888888888888	100
['DryBean', 'CleanLab', 0.1, 'Sym', 100, 0]	8	11	79	2	1.473384141921997	0.42105263157894735	0.8	0.5517241379310345	100
['DryBean', 'CleanLab', 0.05, 'Sym', 100, 0]	5	6	89	0	1.8754384517669678	0.45454545454545453	1.0	0.625	100
['DryBean', 'CleanLab', 0.7, 'Sym', 5000, 0]	2557	240	1260	943	3.3941562175750732	0.914193779048981	0.7305714285714285	0.8121327616325233	5000
['DryBean', 'CleanLab', 0.2, 'Sym', 100, 0]	18	9	71	2	1.8027548789978027	0.6666666666666666	0.9	0.7659574468085106	100
['DryBean', 'CleanLab', 0.5, 'Sym', 5000, 0]	1766	91	2409	734	6.095515251159668	0.9509962304792676	0.7064	0.8106495294927702	5000
['DryBean', 'CleanLab', 0.6, 'Asym', 5000, 0]	1908	24	1976	1092	10.689897060394287	0.9875776397515528	0.636	0.7737226277372262	5000
['DryBean', 'CleanLab', 0.2, 'Asym', 5000, 0]	506	80	3920	494	8.64490032196045	0.863481228668942	0.506	0.6380832282471627	5000
['DryBean', 'CleanLab', 0.3, 'Sym', 5000, 0]	1286	132	3368	214	12.0775146484375	0.9069111424541608	0.8573333333333333	0.8814256339958876	5000
['DryBean', 'CleanLab', 0.7, 'Asym', 5000, 0]	2364	126	1374	1136	6.647281646728516	0.9493975903614458	0.6754285714285714	0.7893155258764608	5000
['DryBean', 'CleanLab', 0.5, 'Asym', 5000, 0]	1624	32	2468	876	12.556270360946655	0.9806763285024155	0.6496	0.7815206929740135	5000
['DryBean', 'CleanLab', 0.7, 'Sym', 300, 0]	110	37	53	100	1.1940340995788574	0.7482993197278912	0.5238095238095238	0.6162464985994398	300
['DryBean', 'CleanLab', 0.5, 'Asym', 500, 0]	164	4	246	86	2.489943027496338	0.9761904761904762	0.656	0.784688995215311	500
['DryBean', 'CleanLab', 0.1, 'Asym', 500, 0]	21	9	441	29	2.3049912452697754	0.7	0.42	0.525	500
['DryBean', 'CleanLab', 0.1, 'Asym', 1000, 0]	45	19	881	55	3.914400339126587	0.703125	0.45	0.5487804878048781	1000
['DryBean', 'CleanLab', 0.6, 'Sym', 300, 0]	118	12	108	62	1.730750560760498	0.9076923076923077	0.6555555555555556	0.7612903225806452	300
['DryBean', 'CleanLab', 0.3, 'Asym', 500, 0]	99	13	337	51	2.372986078262329	0.8839285714285714	0.66	0.7557251908396947	500
['DryBean', 'CleanLab', 0.3, 'Asym', 1000, 0]	195	13	687	105	3.9959609508514404	0.9375	0.65	0.767716535433071	1000
['DryBean', 'CleanLab', 0.2, 'Asym', 10000, 0]	962	112	7888	1038	23.452220678329468	0.8957169459962756	0.481	0.6258945998698764	10000
['DryBean', 'CleanLab', 0.05, 'Asym', 10000, 0]	193	256	9244	307	23.47556233406067	0.4298440979955457	0.386	0.40674394099051636	10000
['DryBean', 'CleanLab', 0.6, 'Asym', 300, 0]	120	8	112	60	1.077040672302246	0.9375	0.6666666666666666	0.7792207792207793	300
['DryBean', 'CleanLab', 0.5, 'Asym', 100, 0]	33	11	39	17	1.065453290939331	0.75	0.66	0.702127659574468	100
['DryBean', 'CleanLab', 0.5, 'Asym', 300, 0]	100	6	144	50	1.4334418773651123	0.9433962264150944	0.6666666666666666	0.7812499999999999	300
['DryBean', 'CleanLab', 0.5, 'Sym', 300, 0]	117	24	126	33	1.2607853412628174	0.8297872340425532	0.78	0.8041237113402062	300
['DryBean', 'CleanLab', 0.6, 'Sym', 300, 0]	125	19	101	55	1.157486915588379	0.8680555555555556	0.6944444444444444	0.7716049382716049	300
['DryBean', 'CleanLab', 0.6, 'Asym', 100, 0]	44	1	39	16	0.9821987152099609	0.9777777777777777	0.7333333333333333	0.838095238095238	100
['DryBean', 'CleanLab', 0.05, 'Sym', 1000, 0]	41	38	912	9	2.6336119174957275	0.5189873417721519	0.82	0.6356589147286822	1000
['DryBean', 'CleanLab', 0.05, 'Asym', 500, 0]	10	10	465	15	1.8243398666381836	0.5	0.4	0.4444444444444445	500
['DryBean', 'CleanLab', 0.7, 'Sym', 500, 0]	219	45	105	131	0.7555198669433594	0.8295454545454546	0.6257142857142857	0.7133550488599347	500
['DryBean', 'CleanLab', 0.7, 'Asym', 300, 0]	141	13	77	69	0.7379720211029053	0.9155844155844156	0.6714285714285714	0.7747252747252746	300
['DryBean', 'CleanLab', 0.7, 'Sym', 300, 0]	131	16	74	79	1.0325000286102295	0.891156462585034	0.6238095238095238	0.7338935574229692	300
['DryBean', 'CleanLab', 0.1, 'Asym', 1000, 0]	48	23	877	52	3.9851484298706055	0.676056338028169	0.48	0.5614035087719298	1000
['DryBean', 'CleanLab', 0.1, 'Sym', 1000, 0]	87	38	862	13	3.916656494140625	0.696	0.87	0.7733333333333333	1000
['DryBean', 'CleanLab', 0.1, 'Asym', 500, 0]	30	7	443	20	1.8034679889678955	0.8108108108108109	0.6	0.6896551724137931	500
['DryBean', 'CleanLab', 0.4, 'Sym', 300, 0]	99	10	170	21	0.998847246170044	0.908256880733945	0.825	0.8646288209606987	300
['DryBean', 'CleanLab', 0.4, 'Asym', 100, 0]	27	7	53	13	1.108736276626587	0.7941176470588235	0.675	0.7297297297297296	100
['DryBean', 'CleanLab', 0.2, 'Asym', 1000, 0]	106	15	785	94	2.6317830085754395	0.8760330578512396	0.53	0.6604361370716512	1000
['DryBean', 'CleanLab', 0.2, 'Sym', 1000, 0]	177	28	772	23	2.601144790649414	0.8634146341463415	0.885	0.874074074074074	1000
['DryBean', 'CleanLab', 0.2, 'Asym', 500, 0]	62	6	394	38	1.8701715469360352	0.9117647058823529	0.62	0.7380952380952381	500
['DryBean', 'CleanLab', 0.3, 'Sym', 100, 0]	23	4	66	7	1.739398717880249	0.8518518518518519	0.7666666666666667	0.8070175438596491	100
['DryBean', 'CleanLab', 0.3, 'Asym', 100, 0]	22	9	61	8	1.072061538696289	0.7096774193548387	0.7333333333333333	0.7213114754098361	100
['DryBean', 'CleanLab', 0.3, 'Sym', 300, 0]	78	15	195	12	2.313957452774048	0.8387096774193549	0.8666666666666667	0.8524590163934426	300
['DryBean', 'CleanLab', 0.4, 'Sym', 100, 0]	30	12	48	10	1.0532665252685547	0.7142857142857143	0.75	0.7317073170731706	100
['DryBean', 'CleanLab', 0.3, 'Asym', 1000, 0]	174	18	682	126	2.5832927227020264	0.90625	0.58	0.7073170731707317	1000
['DryBean', 'CleanLab', 0.3, 'Sym', 1000, 0]	260	32	668	40	3.9931581020355225	0.8904109589041096	0.8666666666666667	0.8783783783783784	1000
['DryBean', 'CleanLab', 0.05, 'Sym', 100, 0]	4	17	78	1	1.8150739669799805	0.19047619047619047	0.8	0.3076923076923077	100
['DryBean', 'CleanLab', 0.05, 'Asym', 100, 0]	1	7	88	4	1.8092339038848877	0.125	0.2	0.15384615384615385	100
['DryBean', 'CleanLab', 0.6, 'Sym', 100, 0]	35	8	32	25	0.7051379680633545	0.813953488372093	0.5833333333333334	0.6796116504854369	100
['DryBean', 'CleanLab', 0.05, 'Asym', 1000, 0]	22	28	922	28	2.6372458934783936	0.44	0.44	0.44	1000
['DryBean', 'CleanLab', 0.7, 'Asym', 1000, 0]	451	47	253	249	1.5466468334197998	0.9056224899598394	0.6442857142857142	0.7529215358931552	1000
['DryBean', 'CleanLab', 0.2, 'Asym', 300, 0]	39	6	234	21	2.350062131881714	0.8666666666666667	0.65	0.7428571428571429	300
['DryBean', 'CleanLab', 0.1, 'Sym', 100, 0]	7	7	83	3	1.1356909275054932	0.5	0.7	0.5833333333333334	100
['DryBean', 'CleanLab', 0.2, 'Sym', 500, 0]	90	18	382	10	1.8453550338745117	0.8333333333333334	0.9	0.8653846153846153	500
['DryBean', 'CleanLab', 0.1, 'Sym', 300, 0]	26	12	258	4	2.3248493671417236	0.6842105263157895	0.8666666666666667	0.7647058823529413	300
['DryBean', 'CleanLab', 0.1, 'Asym', 100, 0]	7	8	82	3	1.8381595611572266	0.4666666666666667	0.7	0.56	100
['DryBean', 'CleanLab', 0.6, 'Sym', 500, 0]	209	30	170	91	1.9504673480987549	0.8744769874476988	0.6966666666666667	0.7755102040816326	500
['DryBean', 'CleanLab', 0.6, 'Asym', 500, 0]	191	8	192	109	1.7254714965820312	0.9597989949748744	0.6366666666666667	0.7655310621242485	500
['DryBean', 'CleanLab', 0.6, 'Sym', 1000, 0]	424	51	349	176	1.4782931804656982	0.8926315789473684	0.7066666666666667	0.7888372093023256	1000
['DryBean', 'CleanLab', 0.5, 'Asym', 1000, 0]	315	9	491	185	3.997943639755249	0.9722222222222222	0.63	0.7645631067961166	1000
['DryBean', 'CleanLab', 0.5, 'Sym', 500, 0]	170	18	232	80	2.039008855819702	0.9042553191489362	0.68	0.776255707762557	500
['DryBean', 'CleanLab', 0.5, 'Asym', 500, 0]	159	15	235	91	1.6290791034698486	0.9137931034482759	0.636	0.75	500
['DryBean', 'CleanLab', 0.6, 'Asym', 1000, 0]	383	18	382	217	2.1744272708892822	0.9551122194513716	0.6383333333333333	0.7652347652347652	1000
['DryBean', 'CleanLab', 0.7, 'Asym', 100, 0]	43	7	23	27	1.5815949440002441	0.86	0.6142857142857143	0.7166666666666668	100
['DryBean', 'CleanLab', 0.2, 'Sym', 100, 0]	17	11	69	3	1.8480250835418701	0.6071428571428571	0.85	0.7083333333333333	100
['DryBean', 'CleanLab', 0.2, 'Asym', 100, 0]	15	5	75	5	1.1064772605895996	0.75	0.75	0.75	100
['DryBean', 'CleanLab', 0.05, 'Sym', 300, 0]	13	15	270	2	1.4454400539398193	0.4642857142857143	0.8666666666666667	0.6046511627906976	300
['DryBean', 'CleanLab', 0.05, 'Asym', 300, 0]	9	16	269	6	1.526925802230835	0.36	0.6	0.45	300
['DryBean', 'CleanLab', 0.05, 'Sym', 500, 0]	21	16	459	4	1.750319004058838	0.5675675675675675	0.84	0.6774193548387097	500
['DryBean', 'CleanLab', 0.4, 'Asym', 300, 0]	95	8	172	25	2.299722194671631	0.9223300970873787	0.7916666666666666	0.8520179372197311	300
['DryBean', 'CleanLab', 0.4, 'Sym', 500, 0]	157	17	283	43	1.7228851318359375	0.9022988505747126	0.785	0.839572192513369	500
['DryBean', 'CleanLab', 0.5, 'Sym', 1000, 0]	361	31	469	139	2.5818817615509033	0.9209183673469388	0.722	0.8094170403587443	1000
['DryBean', 'CleanLab', 0.4, 'Asym', 500, 0]	151	11	289	49	2.770268440246582	0.9320987654320988	0.755	0.8342541436464088	500
['DryBean', 'CleanLab', 0.2, 'Sym', 300, 0]	49	15	225	11	1.4681620597839355	0.765625	0.8166666666666667	0.7903225806451613	300
['DryBean', 'CleanLab', 0.7, 'Sym', 1000, 0]	486	39	261	214	1.0277376174926758	0.9257142857142857	0.6942857142857143	0.7934693877551019	1000
['DryBean', 'CleanLab', 0.1, 'Sym', 500, 0]	43	20	430	7	1.827998161315918	0.6825396825396826	0.86	0.7610619469026547	500
['DryBean', 'CleanLab', 0.5, 'Sym', 100, 0]	28	15	35	22	1.1746749877929688	0.6511627906976745	0.56	0.6021505376344087	100
['DryBean', 'CleanLab', 0.4, 'Sym', 1000, 0]	320	24	576	80	3.524190902709961	0.9302325581395349	0.8	0.8602150537634408	1000
['DryBean', 'CleanLab', 0.3, 'Asym', 300, 0]	70	4	206	20	1.5335931777954102	0.9459459459459459	0.7777777777777778	0.8536585365853658	300
['DryBean', 'CleanLab', 0.7, 'Asym', 500, 0]	230	15	135	120	1.2233545780181885	0.9387755102040817	0.6571428571428571	0.773109243697479	500
['DryBean', 'CleanLab', 0.7, 'Sym', 100, 0]	30	18	12	40	1.319352626800537	0.625	0.42857142857142855	0.5084745762711864	100
['DryBean', 'CleanLab', 0.3, 'Sym', 500, 0]	131	11	339	19	2.3416028022766113	0.9225352112676056	0.8733333333333333	0.8972602739726027	500
['DryBean', 'CleanLab', 0.3, 'Asym', 500, 0]	86	9	341	64	1.7971670627593994	0.9052631578947369	0.5733333333333334	0.7020408163265306	500
['DryBean', 'CleanLab', 0.4, 'Asym', 1000, 0]	268	8	592	132	2.591233968734741	0.9710144927536232	0.67	0.7928994082840237	1000
['DryBean', 'CleanLab', 0.1, 'Asym', 300, 0]	16	9	261	14	1.4702579975128174	0.64	0.5333333333333333	0.5818181818181818	300
['DryBean', 'CleanLab', 0.05, 'Sym', 500, 0]	18	28	447	7	1.790475606918335	0.391304347826087	0.72	0.5070422535211268	500
['DryBean', 'CleanLab', 0.5, 'Asym', 300, 0]	104	1	149	46	1.3733513355255127	0.9904761904761905	0.6933333333333334	0.8156862745098039	300
['DryBean', 'CleanLab', 0.5, 'Asym', 100, 0]	29	7	43	21	1.1425998210906982	0.8055555555555556	0.58	0.6744186046511629	100
['DryBean', 'CleanLab', 0.5, 'Sym', 300, 0]	106	14	136	44	1.0149285793304443	0.8833333333333333	0.7066666666666667	0.7851851851851853	300
['DryBean', 'CleanLab', 0.2, 'Asym', 1000, 0]	109	17	783	91	2.6140966415405273	0.8650793650793651	0.545	0.6687116564417179	1000
['DryBean', 'CleanLab', 0.4, 'Sym', 500, 0]	160	19	281	40	1.716200590133667	0.8938547486033519	0.8	0.8443271767810027	500
['DryBean', 'CleanLab', 0.3, 'Sym', 100, 0]	21	9	61	9	1.1329829692840576	0.7	0.7	0.7	100
['DryBean', 'CleanLab', 0.3, 'Asym', 300, 0]	54	6	204	36	2.323486804962158	0.9	0.6	0.7200000000000001	300
['DryBean', 'CleanLab', 0.3, 'Sym', 500, 0]	129	15	335	21	2.7942516803741455	0.8958333333333334	0.86	0.8775510204081632	500
['DryBean', 'CleanLab', 0.2, 'Sym', 500, 0]	89	10	390	11	1.8077311515808105	0.898989898989899	0.89	0.8944723618090452	500
['DryBean', 'CleanLab', 0.7, 'Asym', 500, 0]	237	28	122	113	2.4000296592712402	0.8943396226415095	0.6771428571428572	0.7707317073170733	500
['DryBean', 'CleanLab', 0.2, 'Asym', 500, 0]	58	10	390	42	1.767303466796875	0.8529411764705882	0.58	0.6904761904761905	500
['DryBean', 'CleanLab', 0.2, 'Sym', 1000, 0]	185	28	772	15	2.613901376724243	0.8685446009389671	0.925	0.8958837772397094	1000
['DryBean', 'CleanLab', 0.3, 'Asym', 500, 0]	98	10	340	52	1.7808599472045898	0.9074074074074074	0.6533333333333333	0.7596899224806202	500
['DryBean', 'CleanLab', 0.7, 'Sym', 500, 0]	238	35	115	112	0.7932486534118652	0.8717948717948718	0.68	0.7640449438202247	500
['DryBean', 'CleanLab', 0.7, 'Sym', 300, 0]	145	17	73	65	0.8469548225402832	0.8950617283950617	0.6904761904761905	0.7795698924731183	300
['DryBean', 'CleanLab', 0.7, 'Asym', 300, 0]	119	16	74	91	1.007230520248413	0.8814814814814815	0.5666666666666667	0.6898550724637682	300
['DryBean', 'CleanLab', 0.4, 'Sym', 300, 0]	88	20	160	32	2.327873945236206	0.8148148148148148	0.7333333333333333	0.7719298245614035	300
['DryBean', 'CleanLab', 0.4, 'Asym', 300, 0]	80	8	172	40	1.6697044372558594	0.9090909090909091	0.6666666666666666	0.7692307692307692	300
['DryBean', 'CleanLab', 0.05, 'Asym', 500, 0]	9	15	460	16	1.777024507522583	0.375	0.36	0.3673469387755102	500
['DryBean', 'CleanLab', 0.05, 'Sym', 100, 0]	3	8	87	2	1.038323163986206	0.2727272727272727	0.6	0.37499999999999994	100
['DryBean', 'CleanLab', 0.6, 'Asym', 300, 0]	120	22	98	60	1.629103422164917	0.8450704225352113	0.6666666666666666	0.7453416149068322	300
['DryBean', 'CleanLab', 0.6, 'Sym', 500, 0]	204	41	159	96	1.5060598850250244	0.8326530612244898	0.68	0.7486238532110093	500
['DryBean', 'CleanLab', 0.1, 'Asym', 500, 0]	25	9	441	25	1.7700695991516113	0.7352941176470589	0.5	0.5952380952380952	500
['DryBean', 'CleanLab', 0.6, 'Sym', 300, 0]	116	34	86	64	0.8169958591461182	0.7733333333333333	0.6444444444444445	0.7030303030303031	300
['DryBean', 'CleanLab', 0.6, 'Asym', 100, 0]	34	10	30	26	0.9961833953857422	0.7727272727272727	0.5666666666666667	0.6538461538461539	100
['DryBean', 'CleanLab', 0.1, 'Sym', 500, 0]	41	13	437	9	1.8150982856750488	0.7592592592592593	0.82	0.7884615384615384	500
['DryBean', 'CleanLab', 0.1, 'Asym', 300, 0]	11	6	264	19	1.4704205989837646	0.6470588235294118	0.36666666666666664	0.46808510638297873	300
['DryBean', 'CleanLab', 0.1, 'Asym', 1000, 0]	49	25	875	51	2.617300510406494	0.6621621621621622	0.49	0.5632183908045978	1000
['DryBean', 'CleanLab', 0.6, 'Sym', 100, 0]	36	6	34	24	1.8254828453063965	0.8571428571428571	0.6	0.7058823529411764	100
['DryBean', 'CleanLab', 0.1, 'Sym', 1000, 0]	90	36	864	10	3.932141065597534	0.7142857142857143	0.9	0.7964601769911505	1000
['DryBean', 'CleanLab', 0.7, 'Asym', 100, 0]	38	9	21	32	1.1287643909454346	0.8085106382978723	0.5428571428571428	0.6495726495726495	100
['DryBean', 'CleanLab', 0.2, 'Asym', 300, 0]	36	1	239	24	1.4800386428833008	0.972972972972973	0.6	0.7422680412371134	300
['DryBean', 'CleanLab', 0.5, 'Sym', 500, 0]	180	12	238	70	2.275385618209839	0.9375	0.72	0.8144796380090497	500
['DryBean', 'CleanLab', 0.7, 'Sym', 100, 0]	35	13	17	35	0.9779739379882812	0.7291666666666666	0.5	0.5932203389830509	100
['DryBean', 'CleanLab', 0.2, 'Sym', 300, 0]	55	18	222	5	2.321155548095703	0.7534246575342466	0.9166666666666666	0.8270676691729323	300
['DryBean', 'CleanLab', 0.6, 'Asym', 1000, 0]	385	18	382	215	2.286777973175049	0.9553349875930521	0.6416666666666667	0.7676969092721835	1000
['DryBean', 'CleanLab', 0.5, 'Asym', 500, 0]	163	12	238	87	1.4107997417449951	0.9314285714285714	0.652	0.7670588235294118	500
['DryBean', 'CleanLab', 0.05, 'Sym', 1000, 0]	41	39	911	9	2.7055678367614746	0.5125	0.82	0.6307692307692307	1000
['DryBean', 'CleanLab', 0.05, 'Asym', 1000, 0]	22	28	922	28	2.622039318084717	0.44	0.44	0.44	1000
['DryBean', 'CleanLab', 0.1, 'Sym', 100, 0]	8	3	87	2	1.129199743270874	0.7272727272727273	0.8	0.761904761904762	100
['DryBean', 'CleanLab', 0.3, 'Asym', 1000, 0]	188	19	681	112	2.6186821460723877	0.9082125603864735	0.6266666666666667	0.7416173570019724	1000
['DryBean', 'CleanLab', 0.5, 'Asym', 1000, 0]	329	6	494	171	2.611398696899414	0.982089552238806	0.658	0.7880239520958086	1000
['DryBean', 'CleanLab', 0.5, 'Sym', 1000, 0]	373	39	461	127	1.4490971565246582	0.9053398058252428	0.746	0.8179824561403509	1000
['DryBean', 'CleanLab', 0.3, 'Sym', 1000, 0]	249	26	674	51	2.575460433959961	0.9054545454545454	0.83	0.8660869565217391	1000
['DryBean', 'CleanLab', 0.4, 'Sym', 1000, 0]	307	20	580	93	2.2340338230133057	0.9388379204892966	0.7675	0.844566712517194	1000
['DryBean', 'CleanLab', 0.1, 'Sym', 300, 0]	27	18	252	3	1.5568702220916748	0.6	0.9	0.7200000000000001	300
['DryBean', 'CleanLab', 0.4, 'Asym', 500, 0]	125	7	293	75	1.781771183013916	0.946969696969697	0.625	0.7530120481927711	500
['DryBean', 'CleanLab', 0.1, 'Asym', 100, 0]	7	6	84	3	1.1638174057006836	0.5384615384615384	0.7	0.608695652173913	100
['DryBean', 'CleanLab', 0.2, 'Sym', 100, 0]	15	9	71	5	1.0766165256500244	0.625	0.75	0.6818181818181818	100
['DryBean', 'CleanLab', 0.6, 'Asym', 500, 0]	194	7	193	106	1.5694911479949951	0.9651741293532339	0.6466666666666666	0.7744510978043913	500
['DryBean', 'CleanLab', 0.05, 'Sym', 300, 0]	10	11	274	5	1.4495844841003418	0.47619047619047616	0.6666666666666666	0.5555555555555556	300
['DryBean', 'CleanLab', 0.3, 'Asym', 100, 0]	22	11	59	8	1.0818772315979004	0.6666666666666666	0.7333333333333333	0.6984126984126984	100
['DryBean', 'CleanLab', 0.05, 'Asym', 300, 0]	9	8	277	6	1.5702581405639648	0.5294117647058824	0.6	0.5625	300
['DryBean', 'CleanLab', 0.05, 'Asym', 100, 0]	2	6	89	3	1.086460828781128	0.25	0.4	0.3076923076923077	100
['DryBean', 'CleanLab', 0.4, 'Asym', 100, 0]	28	4	56	12	1.12453293800354	0.875	0.7	0.7777777777777777	100
['DryBean', 'CleanLab', 0.4, 'Asym', 1000, 0]	259	10	590	141	2.6484711170196533	0.9628252788104089	0.6475	0.7742899850523167	1000
['DryBean', 'CleanLab', 0.7, 'Asym', 1000, 0]	495	58	242	205	1.3755919933319092	0.895117540687161	0.7071428571428572	0.7901037509976059	1000
['DryBean', 'CleanLab', 0.4, 'Sym', 100, 0]	29	7	53	11	1.0758750438690186	0.8055555555555556	0.725	0.7631578947368423	100
['DryBean', 'CleanLab', 0.7, 'Sym', 1000, 0]	511	56	244	189	1.1748826503753662	0.9012345679012346	0.73	0.8066298342541436	1000
['DryBean', 'CleanLab', 0.2, 'Asym', 100, 0]	10	3	77	10	1.1236050128936768	0.7692307692307693	0.5	0.6060606060606061	100
['DryBean', 'CleanLab', 0.3, 'Sym', 300, 0]	69	15	195	21	1.4613533020019531	0.8214285714285714	0.7666666666666667	0.793103448275862	300
['DryBean', 'CleanLab', 0.5, 'Sym', 100, 0]	36	5	45	14	0.6424081325531006	0.8780487804878049	0.72	0.7912087912087912	100
['DryBean', 'CleanLab', 0.6, 'Sym', 1000, 0]	443	69	331	157	1.0074396133422852	0.865234375	0.7383333333333333	0.7967625899280575	1000
