['EncodeReal', 'FKDN', 0.5, 'Real', 1000, 0]	157	95	405	343	0.2608647346496582	0.623015873015873	0.314	0.41755319148936165	1000
['EncodeReal', 'FKDN', 0.5, 'Real', 500, 0]	60	31	219	190	0.18811559677124023	0.6593406593406593	0.24	0.3519061583577712	500
['EncodeReal', 'FKDN', 0.6, 'Real', 100, 0]	18	7	33	42	0.1169283390045166	0.72	0.3	0.4235294117647059	100
['EncodeReal', 'IH', 0.2, 'Real', 300, 0]	40	41	199	20	0.1434004306793213	0.49382716049382713	0.6666666666666666	0.5673758865248227	300
['EncodeReal', 'IH', 0.2, 'Real', 500, 0]	66	48	352	34	0.16406011581420898	0.5789473684210527	0.66	0.616822429906542	500
['EncodeReal', 'RFD', 0.7, 'Real', 500, 0]	132	59	91	218	0.16863512992858887	0.6910994764397905	0.37714285714285717	0.48798521256931615	500
['EncodeReal', 'MCS', 0.5, 'Real', 100, 0]	29	1	49	21	0.3592946529388428	0.9666666666666667	0.58	0.725	100
['EncodeReal', 'MCS', 0.4, 'Real', 300, 0]	74	14	166	46	0.3469078540802002	0.8409090909090909	0.6166666666666667	0.7115384615384616	300
['EncodeReal', 'MCS', 0.4, 'Real', 500, 0]	114	41	259	86	0.38381218910217285	0.7354838709677419	0.57	0.6422535211267605	500
['EncodeReal', 'MCS', 0.4, 'Real', 1000, 0]	235	66	534	165	0.48514294624328613	0.7807308970099668	0.5875	0.6704707560627675	1000
['EncodeReal', 'FKDN', 0.1, 'Real', 100, 0]	5	6	84	5	0.11324644088745117	0.45454545454545453	0.5	0.47619047619047616	100
['EncodeReal', 'MCS', 0.5, 'Real', 500, 0]	147	38	212	103	0.3114430904388428	0.7945945945945946	0.588	0.6758620689655171	500
['EncodeReal', 'FKDN', 0.1, 'Real', 300, 0]	15	24	246	15	0.1306009292602539	0.38461538461538464	0.5	0.4347826086956522	300
['EncodeReal', 'PD', 0.3, 'Real', 1000, 0]	203	98	602	97	0.016180992126464844	0.6744186046511628	0.6766666666666666	0.6755407653910149	1000
['EncodeReal', 'PD', 0.7, 'Real', 100, 0]	26	10	20	44	0.010194063186645508	0.7222222222222222	0.37142857142857144	0.490566037735849	100
['EncodeReal', 'PD', 0.7, 'Real', 300, 0]	69	27	63	141	0.011377811431884766	0.71875	0.32857142857142857	0.45098039215686275	300
['EncodeReal', 'PD', 0.7, 'Real', 500, 0]	131	70	80	219	0.012846708297729492	0.6517412935323383	0.3742857142857143	0.47549909255898365	500
['EncodeReal', 'MCS', 0.05, 'Real', 300, 0]	7	43	242	8	0.27015185356140137	0.14	0.4666666666666667	0.2153846153846154	300
['EncodeReal', 'PD', 0.4, 'Real', 100, 0]	21	11	49	19	0.012943029403686523	0.65625	0.525	0.5833333333333334	100
['EncodeReal', 'PD', 0.4, 'Real', 500, 0]	128	35	265	72	0.012968063354492188	0.7852760736196319	0.64	0.7052341597796143	500
['EncodeReal', 'PD', 0.4, 'Real', 300, 0]	63	48	132	57	0.01717400550842285	0.5675675675675675	0.525	0.5454545454545455	300
['EncodeReal', 'MCS', 0.05, 'Real', 500, 0]	13	59	416	12	0.37867164611816406	0.18055555555555555	0.52	0.26804123711340205	500
['EncodeReal', 'MCS', 0.05, 'Real', 100, 0]	2	11	84	3	0.39608263969421387	0.15384615384615385	0.4	0.2222222222222222	100
['EncodeReal', 'KDN', 0.3, 'Real', 100, 0]	15	17	53	15	0.00961923599243164	0.46875	0.5	0.4838709677419355	100
['EncodeReal', 'RFD', 0.6, 'Real', 100, 0]	32	13	27	28	0.13241791725158691	0.7111111111111111	0.5333333333333333	0.6095238095238096	100
['EncodeReal', 'RFD', 0.5, 'Real', 1000, 0]	248	131	369	252	0.2088456153869629	0.6543535620052771	0.496	0.5642775881683733	1000
['EncodeReal', 'KDN', 0.3, 'Real', 300, 0]	57	35	175	33	0.010434389114379883	0.6195652173913043	0.6333333333333333	0.6263736263736264	300
['EncodeReal', 'RFD', 0.6, 'Real', 300, 0]	88	45	75	92	0.15180706977844238	0.6616541353383458	0.4888888888888889	0.5623003194888179	300
['EncodeReal', 'KDN', 0.3, 'Real', 500, 0]	80	80	270	70	0.012189626693725586	0.5	0.5333333333333333	0.5161290322580646	500
['EncodeReal', 'PD', 0.7, 'Real', 1000, 0]	348	85	215	352	0.015192985534667969	0.8036951501154734	0.49714285714285716	0.6142983230361871	1000
['EncodeReal', 'KDN', 0.3, 'Real', 1000, 0]	176	159	541	124	0.01550745964050293	0.5253731343283582	0.5866666666666667	0.5543307086614173	1000
['EncodeReal', 'RFD', 0.6, 'Real', 500, 0]	133	77	123	167	0.17297840118408203	0.6333333333333333	0.44333333333333336	0.5215686274509804	500
['EncodeReal', 'RFD', 0.7, 'Real', 100, 0]	31	13	17	39	0.13509130477905273	0.7045454545454546	0.44285714285714284	0.543859649122807	100
['EncodeReal', 'RFD', 0.6, 'Real', 1000, 0]	232	127	273	368	0.20487642288208008	0.6462395543175488	0.38666666666666666	0.483837330552659	1000
['EncodeReal', 'PD', 0.3, 'Real', 500, 0]	69	79	271	81	0.012595176696777344	0.46621621621621623	0.46	0.46308724832214765	500
['EncodeReal', 'KDN', 0.4, 'Real', 500, 0]	97	68	232	103	0.01817941665649414	0.5878787878787879	0.485	0.5315068493150685	500
['EncodeReal', 'KDN', 0.4, 'Real', 100, 0]	28	15	45	12	0.009073257446289062	0.6511627906976745	0.7	0.674698795180723	100
['EncodeReal', 'KDN', 0.4, 'Real', 300, 0]	76	47	133	44	0.010790824890136719	0.6178861788617886	0.6333333333333333	0.6255144032921811	300
['EncodeReal', 'RFD', 0.7, 'Real', 300, 0]	73	33	57	137	0.14914703369140625	0.6886792452830188	0.3476190476190476	0.4620253164556961	300
['EncodeReal', 'PD', 0.2, 'Real', 300, 0]	48	33	207	12	0.012543678283691406	0.5925925925925926	0.8	0.6808510638297872	300
['EncodeReal', 'PD', 0.2, 'Real', 100, 0]	9	18	62	11	0.010195016860961914	0.3333333333333333	0.45	0.3829787234042553	100
['EncodeReal', 'PD', 0.4, 'Real', 1000, 0]	233	115	485	167	0.0159609317779541	0.6695402298850575	0.5825	0.6229946524064172	1000
['EncodeReal', 'PD', 0.1, 'Real', 1000, 0]	77	143	757	23	0.01932978630065918	0.35	0.77	0.4812499999999999	1000
['EncodeReal', 'PD', 0.2, 'Real', 500, 0]	60	53	347	40	0.01957416534423828	0.5309734513274337	0.6	0.5633802816901409	500
['EncodeReal', 'PD', 0.2, 'Real', 1000, 0]	136	121	679	64	0.015844345092773438	0.5291828793774319	0.68	0.5951859956236324	1000
['EncodeReal', 'FKDN', 0.1, 'Real', 1000, 0]	59	86	814	41	0.1949632167816162	0.4068965517241379	0.59	0.48163265306122444	1000
['EncodeReal', 'PD', 0.3, 'Real', 300, 0]	62	22	188	28	0.016680240631103516	0.7380952380952381	0.6888888888888889	0.7126436781609196	300
['EncodeReal', 'PD', 0.3, 'Real', 100, 0]	14	14	56	16	0.014031410217285156	0.5	0.4666666666666667	0.4827586206896552	100
['EncodeReal', 'FKDN', 0.1, 'Real', 500, 0]	26	41	409	24	0.1818225383758545	0.3880597014925373	0.52	0.4444444444444445	500
['EncodeReal', 'FKDN', 0.05, 'Real', 1000, 0]	26	74	876	24	0.2868998050689697	0.26	0.52	0.3466666666666667	1000
['EncodeReal', 'MCS', 0.5, 'Real', 300, 0]	63	30	120	87	0.4615480899810791	0.6774193548387096	0.42	0.5185185185185185	300
['EncodeReal', 'FKDN', 0.05, 'Real', 500, 0]	12	39	436	13	0.23812246322631836	0.23529411764705882	0.48	0.3157894736842105	500
['EncodeReal', 'MCS', 0.5, 'Real', 1000, 0]	287	54	446	213	0.6451020240783691	0.841642228739003	0.574	0.6825208085612366	1000
['EncodeReal', 'FKDN', 0.05, 'Real', 300, 0]	10	31	254	5	0.20569252967834473	0.24390243902439024	0.6666666666666666	0.35714285714285715	300
['EncodeReal', 'RFD', 0.7, 'Real', 1000, 0]	255	136	164	445	0.34108591079711914	0.6521739130434783	0.36428571428571427	0.4674610449129239	1000
['EncodeReal', 'IH', 0.2, 'Real', 1000, 0]	130	158	642	70	0.15646743774414062	0.4513888888888889	0.65	0.5327868852459017	1000
['EncodeReal', 'IH', 0.3, 'Real', 100, 0]	19	8	62	11	0.11732769012451172	0.7037037037037037	0.6333333333333333	0.6666666666666667	100
['EncodeReal', 'PD', 0.5, 'Real', 100, 0]	25	6	44	25	0.010461807250976562	0.8064516129032258	0.5	0.6172839506172839	100
['EncodeReal', 'IH', 0.2, 'Real', 100, 0]	15	12	68	5	0.09161615371704102	0.5555555555555556	0.75	0.6382978723404256	100
['EncodeReal', 'IH', 0.1, 'Real', 1000, 0]	70	128	772	30	0.17774057388305664	0.35353535353535354	0.7	0.4697986577181208	1000
['EncodeReal', 'IH', 0.1, 'Real', 500, 0]	36	74	376	14	0.23332762718200684	0.32727272727272727	0.72	0.4499999999999999	500
['EncodeReal', 'FKDN', 0.6, 'Real', 1000, 0]	143	80	320	457	0.2076718807220459	0.6412556053811659	0.23833333333333334	0.347509113001215	1000
['EncodeReal', 'FKDN', 0.7, 'Real', 100, 0]	9	4	26	61	0.12026691436767578	0.6923076923076923	0.12857142857142856	0.21686746987951805	100
['EncodeReal', 'FKDN', 0.6, 'Real', 500, 0]	67	41	159	233	0.149216890335083	0.6203703703703703	0.22333333333333333	0.32843137254901966	500
['EncodeReal', 'FKDN', 0.6, 'Real', 300, 0]	49	29	91	131	0.13729071617126465	0.6282051282051282	0.2722222222222222	0.3798449612403101	300
['EncodeReal', 'RkDN', 0.5, 'Real', 100, 0]	25	13	37	25	0.01328277587890625	0.6578947368421053	0.5	0.5681818181818182	100
['EncodeReal', 'RkDN', 0.4, 'Real', 500, 0]	112	67	233	88	0.013590574264526367	0.6256983240223464	0.56	0.591029023746702	500
['EncodeReal', 'RkDN', 0.4, 'Real', 1000, 0]	207	138	462	193	0.021209716796875	0.6	0.5175	0.5557046979865771	1000
['EncodeReal', 'RkDN', 0.5, 'Real', 500, 0]	98	56	194	152	0.013577938079833984	0.6363636363636364	0.392	0.48514851485148514	500
['EncodeReal', 'RkDN', 0.5, 'Real', 300, 0]	67	29	121	83	0.015358924865722656	0.6979166666666666	0.44666666666666666	0.5447154471544715	300
['EncodeReal', 'RkDN', 0.5, 'Real', 1000, 0]	208	107	393	292	0.028670787811279297	0.6603174603174603	0.416	0.5104294478527607	1000
['EncodeReal', 'RkDN', 0.6, 'Real', 100, 0]	22	16	24	38	0.00867319107055664	0.5789473684210527	0.36666666666666664	0.44897959183673464	100
['EncodeReal', 'RFD', 0.05, 'Real', 1000, 0]	34	187	763	16	0.18822932243347168	0.15384615384615385	0.68	0.25092250922509224	1000
['EncodeReal', 'RFD', 0.05, 'Real', 500, 0]	21	97	378	4	0.15807723999023438	0.17796610169491525	0.84	0.2937062937062937	500
['EncodeReal', 'RkDN', 0.4, 'Real', 100, 0]	23	13	47	17	0.008745908737182617	0.6388888888888888	0.575	0.6052631578947367	100
['EncodeReal', 'RFD', 0.05, 'Real', 100, 0]	4	16	79	1	0.1331489086151123	0.2	0.8	0.32000000000000006	100
['EncodeReal', 'RFD', 0.05, 'Real', 300, 0]	11	50	235	4	0.14509844779968262	0.18032786885245902	0.7333333333333333	0.2894736842105263	300
['EncodeReal', 'IH', 0.7, 'Real', 1000, 0]	268	131	169	432	0.1961827278137207	0.6716791979949874	0.38285714285714284	0.48771610555050043	1000
['EncodeReal', 'RkDN', 0.4, 'Real', 300, 0]	56	30	150	64	0.011018753051757812	0.6511627906976745	0.4666666666666667	0.5436893203883496	300
['EncodeReal', 'RFD', 0.1, 'Real', 300, 0]	21	59	211	9	0.14730191230773926	0.2625	0.7	0.38181818181818183	300
['EncodeReal', 'RFD', 0.1, 'Real', 100, 0]	7	12	78	3	0.13328146934509277	0.3684210526315789	0.7	0.48275862068965514	100
['EncodeReal', 'RkDN', 0.3, 'Real', 1000, 0]	167	112	588	133	0.02015066146850586	0.5985663082437276	0.5566666666666666	0.5768566493955095	1000
['EncodeReal', 'IH', 0.7, 'Real', 100, 0]	35	9	21	35	0.11400818824768066	0.7954545454545454	0.5	0.6140350877192983	100
['EncodeReal', 'RFD', 0.1, 'Real', 1000, 0]	64	147	753	36	0.19174623489379883	0.3033175355450237	0.64	0.4115755627009647	1000
['EncodeReal', 'RkDN', 0.3, 'Real', 300, 0]	58	40	170	32	0.010974884033203125	0.5918367346938775	0.6444444444444445	0.6170212765957447	300
['EncodeReal', 'IH', 0.7, 'Real', 300, 0]	89	42	48	121	0.09361410140991211	0.6793893129770993	0.4238095238095238	0.5219941348973607	300
['EncodeReal', 'RkDN', 0.3, 'Real', 500, 0]	78	56	294	72	0.01336050033569336	0.582089552238806	0.52	0.5492957746478873	500
['EncodeReal', 'RFD', 0.1, 'Real', 500, 0]	35	78	372	15	0.15796160697937012	0.30973451327433627	0.7	0.42944785276073616	500
['EncodeReal', 'MCS', 0.2, 'Real', 500, 0]	64	64	336	36	0.412949800491333	0.5	0.64	0.5614035087719298	500
['EncodeReal', 'IH', 0.7, 'Real', 500, 0]	111	69	81	239	0.10439562797546387	0.6166666666666667	0.3171428571428571	0.41886792452830185	500
['EncodeReal', 'RkDN', 0.3, 'Real', 100, 0]	12	13	57	18	0.013120889663696289	0.48	0.4	0.4363636363636364	100
['EncodeReal', 'RkDN', 0.2, 'Real', 1000, 0]	117	142	658	83	0.019786596298217773	0.4517374517374517	0.585	0.5098039215686274	1000
['EncodeReal', 'IH', 0.6, 'Real', 1000, 0]	283	95	305	317	0.10328340530395508	0.7486772486772487	0.4716666666666667	0.5787321063394683	1000
['EncodeReal', 'RFD', 0.2, 'Real', 100, 0]	12	26	54	8	0.13075757026672363	0.3157894736842105	0.6	0.41379310344827586	100
['EncodeReal', 'KDN', 0.2, 'Real', 1000, 0]	121	161	639	79	0.015338420867919922	0.42907801418439717	0.605	0.5020746887966805	1000
['EncodeReal', 'KDN', 0.2, 'Real', 300, 0]	31	38	202	29	0.010956048965454102	0.4492753623188406	0.5166666666666667	0.4806201550387597	300
['EncodeReal', 'KDN', 0.2, 'Real', 500, 0]	70	96	304	30	0.012285947799682617	0.42168674698795183	0.7	0.5263157894736842	500
['EncodeReal', 'KDN', 0.1, 'Real', 1000, 0]	64	209	691	36	0.015476703643798828	0.23443223443223443	0.64	0.34316353887399464	1000
['EncodeReal', 'KDN', 0.1, 'Real', 500, 0]	31	95	355	19	0.012156963348388672	0.24603174603174602	0.62	0.35227272727272724	500
['EncodeReal', 'KDN', 0.2, 'Real', 100, 0]	11	17	63	9	0.00894618034362793	0.39285714285714285	0.55	0.45833333333333337	100
['EncodeReal', 'KDN', 0.1, 'Real', 300, 0]	10	42	228	20	0.015540599822998047	0.19230769230769232	0.3333333333333333	0.2439024390243902	300
['EncodeReal', 'PD', 0.1, 'Real', 500, 0]	32	62	388	18	0.012227296829223633	0.3404255319148936	0.64	0.4444444444444445	500
['EncodeReal', 'PD', 0.1, 'Real', 300, 0]	15	29	241	15	0.011539220809936523	0.3409090909090909	0.5	0.40540540540540543	300
['EncodeReal', 'PD', 0.1, 'Real', 100, 0]	6	14	76	4	0.009988546371459961	0.3	0.6	0.4	100
['EncodeReal', 'PD', 0.05, 'Real', 1000, 0]	34	175	775	16	0.015385866165161133	0.16267942583732056	0.68	0.2625482625482626	1000
['EncodeReal', 'PD', 0.05, 'Real', 500, 0]	16	76	399	9	0.012718677520751953	0.17391304347826086	0.64	0.27350427350427353	500
['EncodeReal', 'PD', 0.05, 'Real', 300, 0]	11	53	232	4	0.01194000244140625	0.171875	0.7333333333333333	0.27848101265822783	300
['EncodeReal', 'PD', 0.05, 'Real', 100, 0]	4	13	82	1	0.010261774063110352	0.23529411764705882	0.8	0.3636363636363636	100
['EncodeReal', 'RFD', 0.4, 'Real', 100, 0]	16	14	46	24	0.13042855262756348	0.5333333333333333	0.4	0.4571428571428572	100
['EncodeReal', 'RFD', 0.5, 'Real', 100, 0]	22	14	36	28	0.13208723068237305	0.6111111111111112	0.44	0.5116279069767442	100
['EncodeReal', 'RFD', 0.5, 'Real', 300, 0]	70	46	104	80	0.15231013298034668	0.603448275862069	0.4666666666666667	0.5263157894736842	300
['EncodeReal', 'IH', 0.3, 'Real', 300, 0]	55	28	182	35	0.21375465393066406	0.6626506024096386	0.6111111111111112	0.6358381502890174	300
['EncodeReal', 'RFD', 0.4, 'Real', 1000, 0]	217	185	415	183	0.20310020446777344	0.5398009950248757	0.5425	0.5411471321695761	1000
['EncodeReal', 'RFD', 0.5, 'Real', 500, 0]	128	70	180	122	0.1665935516357422	0.6464646464646465	0.512	0.5714285714285714	500
['EncodeReal', 'IH', 0.4, 'Real', 100, 0]	25	8	52	15	0.10661840438842773	0.7575757575757576	0.625	0.6849315068493151	100
['EncodeReal', 'RFD', 0.4, 'Real', 300, 0]	64	39	141	56	0.1482841968536377	0.6213592233009708	0.5333333333333333	0.5739910313901344	300
['EncodeReal', 'IH', 0.3, 'Real', 1000, 0]	187	111	589	113	0.16268396377563477	0.62751677852349	0.6233333333333333	0.6254180602006689	1000
['EncodeReal', 'RFD', 0.4, 'Real', 500, 0]	112	87	213	88	0.16757774353027344	0.5628140703517588	0.56	0.5614035087719298	500
['EncodeReal', 'IH', 0.3, 'Real', 500, 0]	101	59	291	49	0.21597671508789062	0.63125	0.6733333333333333	0.6516129032258063	500
['EncodeReal', 'IH', 0.4, 'Real', 300, 0]	68	35	145	52	0.14454269409179688	0.6601941747572816	0.5666666666666667	0.6098654708520179	300
['EncodeReal', 'IH', 0.4, 'Real', 500, 0]	139	51	249	61	0.14864659309387207	0.7315789473684211	0.695	0.7128205128205127	500
['EncodeReal', 'IH', 0.4, 'Real', 1000, 0]	243	121	479	157	0.17023181915283203	0.6675824175824175	0.6075	0.6361256544502618	1000
['EncodeReal', 'FKDN', 0.7, 'Real', 500, 0]	60	32	118	290	0.14960861206054688	0.6521739130434783	0.17142857142857143	0.27149321266968324	500
['EncodeReal', 'FKDN', 0.7, 'Real', 300, 0]	36	14	76	174	0.1301586627960205	0.72	0.17142857142857143	0.27692307692307694	300
['EncodeReal', 'FKDN', 0.7, 'Real', 1000, 0]	154	83	217	546	0.20948290824890137	0.6497890295358649	0.22	0.3287086446104589	1000
['EncodeReal', 'RkDN', 0.05, 'Real', 500, 0]	17	94	381	8	0.012926816940307617	0.15315315315315314	0.68	0.25	500
['EncodeReal', 'RkDN', 0.05, 'Real', 300, 0]	10	44	241	5	0.010853290557861328	0.18518518518518517	0.6666666666666666	0.28985507246376807	300
['EncodeReal', 'RkDN', 0.05, 'Real', 100, 0]	2	19	76	3	0.008909225463867188	0.09523809523809523	0.4	0.15384615384615385	100
['EncodeReal', 'RkDN', 0.05, 'Real', 1000, 0]	31	163	787	19	0.019677162170410156	0.15979381443298968	0.62	0.2540983606557377	1000
['EncodeReal', 'IH', 0.5, 'Real', 500, 0]	140	51	199	110	0.1473829746246338	0.7329842931937173	0.56	0.6349206349206349	500
['EncodeReal', 'IH', 0.5, 'Real', 1000, 0]	275	97	403	225	0.1570136547088623	0.739247311827957	0.55	0.6307339449541285	1000
['EncodeReal', 'IH', 0.6, 'Real', 100, 0]	32	9	31	28	0.10682868957519531	0.7804878048780488	0.5333333333333333	0.6336633663366336	100
['EncodeReal', 'IH', 0.6, 'Real', 300, 0]	104	41	79	76	0.10304927825927734	0.7172413793103448	0.5777777777777777	0.64	300
['EncodeReal', 'IH', 0.6, 'Real', 500, 0]	146	59	141	154	0.09839320182800293	0.7121951219512195	0.4866666666666667	0.5782178217821783	500
['EncodeReal', 'IH', 0.5, 'Real', 300, 0]	80	42	108	70	0.10122227668762207	0.6557377049180327	0.5333333333333333	0.588235294117647	300
['EncodeReal', 'IH', 0.5, 'Real', 100, 0]	27	10	40	23	0.10698437690734863	0.7297297297297297	0.54	0.6206896551724138	100
['EncodeReal', 'FKDN', 0.2, 'Real', 100, 0]	8	5	75	12	0.11554718017578125	0.6153846153846154	0.4	0.4848484848484849	100
['EncodeReal', 'FKDN', 0.2, 'Real', 300, 0]	24	27	213	36	0.1325089931488037	0.47058823529411764	0.4	0.4324324324324324	300
['EncodeReal', 'MCS', 0.7, 'Real', 500, 0]	168	37	113	182	0.38189244270324707	0.8195121951219512	0.48	0.6054054054054054	500
['EncodeReal', 'RkDN', 0.2, 'Real', 500, 0]	56	59	341	44	0.013471126556396484	0.48695652173913045	0.56	0.5209302325581395	500
['EncodeReal', 'MCS', 0.7, 'Real', 100, 0]	35	9	21	35	0.19190454483032227	0.7954545454545454	0.5	0.6140350877192983	100
['EncodeReal', 'FKDN', 0.2, 'Real', 500, 0]	42	30	370	58	0.1479170322418213	0.5833333333333334	0.42	0.4883720930232558	500
['EncodeReal', 'MCS', 0.7, 'Real', 300, 0]	118	39	51	92	0.2219696044921875	0.7515923566878981	0.5619047619047619	0.6430517711171663	300
['EncodeReal', 'FKDN', 0.2, 'Real', 1000, 0]	93	86	714	107	0.2001962661743164	0.5195530726256983	0.465	0.49076517150395776	1000
['EncodeReal', 'RkDN', 0.2, 'Real', 300, 0]	37	35	205	23	0.010947465896606445	0.5138888888888888	0.6166666666666667	0.5606060606060607	300
['EncodeReal', 'FKDN', 0.3, 'Real', 100, 0]	12	7	63	18	0.11964273452758789	0.631578947368421	0.4	0.4897959183673469	100
['EncodeReal', 'MCS', 0.6, 'Real', 1000, 0]	282	78	322	318	0.4437832832336426	0.7833333333333333	0.47	0.5874999999999999	1000
['EncodeReal', 'RkDN', 0.2, 'Real', 100, 0]	7	8	72	13	0.009887218475341797	0.4666666666666667	0.35	0.4	100
['EncodeReal', 'RkDN', 0.1, 'Real', 1000, 0]	49	165	735	51	0.02098989486694336	0.22897196261682243	0.49	0.3121019108280255	1000
['EncodeReal', 'FKDN', 0.3, 'Real', 300, 0]	35	10	200	55	0.13206076622009277	0.7777777777777778	0.3888888888888889	0.5185185185185185	300
['EncodeReal', 'MCS', 0.6, 'Real', 500, 0]	139	55	145	161	0.3797600269317627	0.7164948453608248	0.4633333333333333	0.5627530364372471	500
['EncodeReal', 'RkDN', 0.1, 'Real', 500, 0]	30	75	375	20	0.013220548629760742	0.2857142857142857	0.6	0.3870967741935483	500
['EncodeReal', 'FKDN', 0.3, 'Real', 500, 0]	68	34	316	82	0.15509033203125	0.6666666666666666	0.4533333333333333	0.5396825396825397	500
['EncodeReal', 'RkDN', 0.1, 'Real', 300, 0]	18	45	225	12	0.011585712432861328	0.2857142857142857	0.6	0.3870967741935483	300
['EncodeReal', 'MCS', 0.6, 'Real', 100, 0]	24	13	27	36	0.328021764755249	0.6486486486486487	0.4	0.49484536082474234	100
['EncodeReal', 'MCS', 0.6, 'Real', 300, 0]	86	29	91	94	0.35179901123046875	0.7478260869565218	0.4777777777777778	0.5830508474576271	300
['EncodeReal', 'RkDN', 0.1, 'Real', 100, 0]	5	20	70	5	0.009403705596923828	0.2	0.5	0.28571428571428575	100
['EncodeReal', 'IH', 0.05, 'Real', 300, 0]	9	38	247	6	0.13784360885620117	0.19148936170212766	0.6	0.29032258064516125	300
['EncodeReal', 'MCS', 0.2, 'Real', 300, 0]	40	32	208	20	0.32308411598205566	0.5555555555555556	0.6666666666666666	0.606060606060606	300
['EncodeReal', 'PD', 0.6, 'Real', 500, 0]	108	74	126	192	0.013355731964111328	0.5934065934065934	0.36	0.44813278008298757	500
['EncodeReal', 'MCS', 0.2, 'Real', 100, 0]	9	13	67	11	0.1934814453125	0.4090909090909091	0.45	0.4285714285714286	100
['EncodeReal', 'KDN', 0.05, 'Real', 100, 0]	4	32	63	1	0.010318756103515625	0.1111111111111111	0.8	0.19512195121951217	100
['EncodeReal', 'PD', 0.6, 'Real', 300, 0]	102	20	100	78	0.012331008911132812	0.8360655737704918	0.5666666666666667	0.6754966887417219	300
['EncodeReal', 'FKDN', 0.5, 'Real', 100, 0]	14	11	39	36	0.11624765396118164	0.56	0.28	0.37333333333333335	100
['EncodeReal', 'MCS', 0.1, 'Real', 1000, 0]	72	113	787	28	0.4817533493041992	0.3891891891891892	0.72	0.5052631578947369	1000
['EncodeReal', 'MCS', 0.1, 'Real', 500, 0]	29	60	390	21	0.37454843521118164	0.3258426966292135	0.58	0.4172661870503597	500
['EncodeReal', 'PD', 0.5, 'Real', 300, 0]	61	41	109	89	0.011587381362915039	0.5980392156862745	0.4066666666666667	0.4841269841269842	300
['EncodeReal', 'IH', 0.05, 'Real', 500, 0]	19	80	395	6	0.15038204193115234	0.1919191919191919	0.76	0.3064516129032258	500
['EncodeReal', 'IH', 0.05, 'Real', 1000, 0]	30	155	795	20	0.1853954792022705	0.16216216216216217	0.6	0.25531914893617025	1000
['EncodeReal', 'KDN', 0.4, 'Real', 1000, 0]	233	165	435	167	0.016188383102416992	0.585427135678392	0.5825	0.5839598997493735	1000
['EncodeReal', 'KDN', 0.5, 'Real', 100, 0]	32	10	40	18	0.009400129318237305	0.7619047619047619	0.64	0.6956521739130435	100
['EncodeReal', 'KDN', 0.5, 'Real', 300, 0]	70	47	103	80	0.011152029037475586	0.5982905982905983	0.4666666666666667	0.5243445692883895	300
['EncodeReal', 'KDN', 0.5, 'Real', 500, 0]	129	64	186	121	0.01251840591430664	0.6683937823834197	0.516	0.582392776523702	500
['EncodeReal', 'KDN', 0.5, 'Real', 1000, 0]	246	111	389	254	0.016520261764526367	0.6890756302521008	0.492	0.5740956826137689	1000
['EncodeReal', 'MCS', 0.7, 'Real', 1000, 0]	336	77	223	364	0.40804195404052734	0.8135593220338984	0.48	0.6037735849056604	1000
['EncodeReal', 'MCS', 0.2, 'Real', 1000, 0]	128	128	672	72	0.4664726257324219	0.5	0.64	0.5614035087719298	1000
['EncodeReal', 'MCS', 0.3, 'Real', 100, 0]	17	4	66	13	0.33954572677612305	0.8095238095238095	0.5666666666666667	0.6666666666666666	100
['EncodeReal', 'MCS', 0.3, 'Real', 500, 0]	98	50	300	52	0.40412282943725586	0.6621621621621622	0.6533333333333333	0.6577181208053691	500
['EncodeReal', 'FKDN', 0.3, 'Real', 1000, 0]	127	98	602	173	0.20824360847473145	0.5644444444444444	0.42333333333333334	0.4838095238095238	1000
['EncodeReal', 'KDN', 0.7, 'Real', 500, 0]	148	62	88	202	0.013478517532348633	0.7047619047619048	0.4228571428571429	0.5285714285714286	500
['EncodeReal', 'KDN', 0.7, 'Real', 300, 0]	86	31	59	124	0.010865449905395508	0.7350427350427351	0.4095238095238095	0.5259938837920489	300
['EncodeReal', 'FKDN', 0.4, 'Real', 100, 0]	17	6	54	23	0.11579632759094238	0.7391304347826086	0.425	0.5396825396825397	100
['EncodeReal', 'KDN', 0.7, 'Real', 1000, 0]	295	116	184	405	0.01729750633239746	0.7177615571776156	0.42142857142857143	0.5310531053105311	1000
['EncodeReal', 'FKDN', 0.05, 'Real', 100, 0]	2	9	86	3	0.11598587036132812	0.18181818181818182	0.4	0.25000000000000006	100
['EncodeReal', 'FKDN', 0.4, 'Real', 300, 0]	39	22	158	81	0.1341090202331543	0.639344262295082	0.325	0.4309392265193371	300
['EncodeReal', 'FKDN', 0.4, 'Real', 500, 0]	81	52	248	119	0.15140342712402344	0.6090225563909775	0.405	0.4864864864864865	500
['EncodeReal', 'PD', 0.6, 'Real', 100, 0]	27	6	34	33	0.011133670806884766	0.8181818181818182	0.45	0.5806451612903226	100
['EncodeReal', 'PD', 0.6, 'Real', 1000, 0]	232	147	253	368	0.016037464141845703	0.6121372031662269	0.38666666666666666	0.4739530132788559	1000
['EncodeReal', 'KDN', 0.6, 'Real', 500, 0]	151	75	125	149	0.01292109489440918	0.668141592920354	0.5033333333333333	0.5741444866920151	500
['EncodeReal', 'PD', 0.5, 'Real', 500, 0]	165	22	228	85	0.013199090957641602	0.8823529411764706	0.66	0.7551487414187643	500
['EncodeReal', 'IH', 0.1, 'Real', 100, 0]	7	14	76	3	0.10417985916137695	0.3333333333333333	0.7	0.45161290322580644	100
['EncodeReal', 'IH', 0.1, 'Real', 300, 0]	20	43	227	10	0.1394805908203125	0.31746031746031744	0.6666666666666666	0.43010752688172044	300
['EncodeReal', 'KDN', 0.6, 'Real', 1000, 0]	284	109	291	316	0.017087697982788086	0.72264631043257	0.47333333333333333	0.5720040281973816	1000
['EncodeReal', 'KDN', 0.6, 'Real', 100, 0]	35	12	28	25	0.009363651275634766	0.7446808510638298	0.5833333333333334	0.6542056074766355	100
['EncodeReal', 'KDN', 0.6, 'Real', 300, 0]	102	45	75	78	0.011533021926879883	0.6938775510204082	0.5666666666666667	0.6238532110091742	300
['EncodeReal', 'KDN', 0.7, 'Real', 100, 0]	42	6	24	28	0.009527206420898438	0.875	0.6	0.711864406779661	100
['EncodeReal', 'RkDN', 0.7, 'Real', 100, 0]	24	12	18	46	0.009143352508544922	0.6666666666666666	0.34285714285714286	0.4528301886792453	100
['EncodeReal', 'RFD', 0.2, 'Real', 500, 0]	60	76	324	40	0.16579508781433105	0.4411764705882353	0.6	0.5084745762711865	500
['EncodeReal', 'FKDN', 0.5, 'Real', 300, 0]	34	27	123	116	0.13664531707763672	0.5573770491803278	0.22666666666666666	0.3222748815165876	300
['EncodeReal', 'MCS', 0.3, 'Real', 1000, 0]	191	96	604	109	0.43891119956970215	0.6655052264808362	0.6366666666666667	0.6507666098807495	1000
['EncodeReal', 'KDN', 0.1, 'Real', 100, 0]	6	13	77	4	0.009467601776123047	0.3157894736842105	0.6	0.41379310344827586	100
['EncodeReal', 'MCS', 0.4, 'Real', 100, 0]	27	2	58	13	0.33606505393981934	0.9310344827586207	0.675	0.7826086956521738	100
['EncodeReal', 'KDN', 0.05, 'Real', 1000, 0]	39	207	743	11	0.016664981842041016	0.15853658536585366	0.78	0.26351351351351354	1000
['EncodeReal', 'IH', 0.05, 'Real', 100, 0]	4	19	76	1	0.12992572784423828	0.17391304347826086	0.8	0.2857142857142857	100
['EncodeReal', 'MCS', 0.1, 'Real', 100, 0]	6	14	76	4	0.3963308334350586	0.3	0.6	0.4	100
['EncodeReal', 'RkDN', 0.6, 'Real', 500, 0]	114	47	153	186	0.01388406753540039	0.7080745341614907	0.38	0.4945770065075921	500
['EncodeReal', 'RFD', 0.2, 'Real', 1000, 0]	126	146	654	74	0.19885563850402832	0.4632352941176471	0.63	0.5338983050847458	1000
['EncodeReal', 'RFD', 0.3, 'Real', 100, 0]	19	11	59	11	0.13346505165100098	0.6333333333333333	0.6333333333333333	0.6333333333333333	100
['EncodeReal', 'PD', 0.5, 'Real', 1000, 0]	258	118	382	242	0.01699972152709961	0.6861702127659575	0.516	0.589041095890411	1000
['EncodeReal', 'RkDN', 0.7, 'Real', 300, 0]	88	23	67	122	0.011032819747924805	0.7927927927927928	0.41904761904761906	0.5482866043613708	300
['EncodeReal', 'RFD', 0.3, 'Real', 300, 0]	53	44	166	37	0.14934802055358887	0.5463917525773195	0.5888888888888889	0.5668449197860962	300
['EncodeReal', 'RkDN', 0.7, 'Real', 500, 0]	118	47	103	232	0.01366424560546875	0.7151515151515152	0.33714285714285713	0.45825242718446607	500
['EncodeReal', 'RkDN', 0.7, 'Real', 1000, 0]	249	92	208	451	0.022094011306762695	0.7302052785923754	0.3557142857142857	0.4783861671469741	1000
['EncodeReal', 'MCS', 0.05, 'Real', 1000, 0]	36	133	817	14	0.40924954414367676	0.21301775147928995	0.72	0.3287671232876712	1000
['EncodeReal', 'MCS', 0.3, 'Real', 300, 0]	55	31	179	35	0.2968769073486328	0.6395348837209303	0.6111111111111112	0.6250000000000001	300
['EncodeReal', 'KDN', 0.05, 'Real', 300, 0]	10	73	212	5	0.011347293853759766	0.12048192771084337	0.6666666666666666	0.20408163265306123	300
['EncodeReal', 'RkDN', 0.6, 'Real', 300, 0]	76	35	85	104	0.01241445541381836	0.6846846846846847	0.4222222222222222	0.5223367697594502	300
['EncodeReal', 'RFD', 0.2, 'Real', 300, 0]	40	70	170	20	0.1514873504638672	0.36363636363636365	0.6666666666666666	0.4705882352941177	300
['EncodeReal', 'RkDN', 0.6, 'Real', 1000, 0]	229	95	305	371	0.020009279251098633	0.7067901234567902	0.38166666666666665	0.49567099567099565	1000
['EncodeReal', 'MCS', 0.1, 'Real', 300, 0]	15	41	229	15	0.3613743782043457	0.26785714285714285	0.5	0.3488372093023256	300
['EncodeReal', 'RFD', 0.3, 'Real', 1000, 0]	178	150	550	122	0.20936298370361328	0.5426829268292683	0.5933333333333334	0.5668789808917197	1000
['EncodeReal', 'FKDN', 0.4, 'Real', 1000, 0]	147	74	526	253	0.2086939811706543	0.665158371040724	0.3675	0.4734299516908212	1000
['EncodeReal', 'RFD', 0.3, 'Real', 500, 0]	91	76	274	59	0.16512370109558105	0.5449101796407185	0.6066666666666667	0.5741324921135647	500
['EncodeReal', 'KDN', 0.05, 'Real', 500, 0]	17	110	365	8	0.01235055923461914	0.13385826771653545	0.68	0.22368421052631582	500
['EncodeReal', 'IH', 0.7, 'Real', 5000, 0]	1155	640	860	2345	0.36571216583251953	0.6434540389972145	0.33	0.43626062322946174	5000
['EncodeReal', 'IH', 0.7, 'Real', 5000, 1]	1212	599	901	2288	0.3616816997528076	0.669243511871894	0.3462857142857143	0.4564112219920919	5000
['EncodeReal', 'RFD', 0.05, 'Real', 3000, 0]	118	471	2379	32	0.4787607192993164	0.200339558573854	0.7866666666666666	0.31935047361299057	3000
['EncodeReal', 'RFD', 0.05, 'Real', 3000, 1]	105	454	2396	45	0.4751706123352051	0.18783542039355994	0.7	0.2961918194640339	3000
['EncodeReal', 'IH', 0.7, 'Real', 10000, 0]	2443	1057	1943	4557	0.3229494094848633	0.698	0.349	0.46533333333333327	10000
['EncodeReal', 'IH', 0.7, 'Real', 10000, 1]	2412	1046	1954	4588	0.4026498794555664	0.6975130133024869	0.3445714285714286	0.46127366609294324	10000
['EncodeReal', 'RFD', 0.05, 'Real', 10000, 0]	376	1497	8003	124	1.0999321937561035	0.200747463961559	0.752	0.3168984407922461	10000
['EncodeReal', 'RFD', 0.05, 'Real', 10000, 1]	369	1566	7934	131	1.0459609031677246	0.19069767441860466	0.738	0.3030800821355236	10000
['EncodeReal', 'RFD', 0.1, 'Real', 3000, 0]	221	428	2272	79	0.4726877212524414	0.3405238828967643	0.7366666666666667	0.4657534246575342	3000
['EncodeReal', 'RFD', 0.1, 'Real', 3000, 1]	214	416	2284	86	0.4664456844329834	0.3396825396825397	0.7133333333333334	0.46021505376344085	3000
['EncodeReal', 'RFD', 0.1, 'Real', 10000, 0]	705	1488	7512	295	1.0849230289459229	0.32147742818057456	0.705	0.44159098026933924	10000
['EncodeReal', 'RFD', 0.1, 'Real', 10000, 1]	703	1441	7559	297	1.0981786251068115	0.3278917910447761	0.703	0.4472010178117048	10000
['EncodeReal', 'RFD', 0.1, 'Real', 5000, 0]	371	809	3691	129	0.5496487617492676	0.31440677966101693	0.742	0.4416666666666666	5000
['EncodeReal', 'RFD', 0.1, 'Real', 5000, 1]	348	786	3714	152	0.5563857555389404	0.30687830687830686	0.696	0.4259485924112607	5000
['EncodeReal', 'PD', 0.3, 'Real', 5000, 0]	1038	463	3037	462	0.016152143478393555	0.6915389740173218	0.692	0.6917694101966012	5000
['EncodeReal', 'PD', 0.3, 'Real', 5000, 1]	1016	484	3016	484	0.01652693748474121	0.6773333333333333	0.6773333333333333	0.6773333333333333	5000
['EncodeReal', 'PD', 0.3, 'Real', 3000, 0]	637	299	1801	263	0.013723373413085938	0.6805555555555556	0.7077777777777777	0.6938997821350763	3000
['EncodeReal', 'PD', 0.3, 'Real', 3000, 1]	608	267	1833	292	0.013154029846191406	0.6948571428571428	0.6755555555555556	0.6850704225352113	3000
['EncodeReal', 'PD', 0.4, 'Real', 3000, 0]	674	418	1382	526	0.013450860977172852	0.6172161172161172	0.5616666666666666	0.5881326352530541	3000
['EncodeReal', 'PD', 0.4, 'Real', 3000, 1]	776	290	1510	424	0.012935638427734375	0.7279549718574109	0.6466666666666666	0.6849073256840247	3000
['EncodeReal', 'PD', 0.6, 'Real', 3000, 0]	657	482	718	1143	0.019217252731323242	0.5768217734855136	0.365	0.447090847226948	3000
['EncodeReal', 'PD', 0.6, 'Real', 3000, 1]	700	432	768	1100	0.018644094467163086	0.6183745583038869	0.3888888888888889	0.47748976807639837	3000
['EncodeReal', 'PD', 0.6, 'Real', 5000, 0]	1109	760	1240	1891	0.022346973419189453	0.5933654360620653	0.36966666666666664	0.45553501745738345	5000
['EncodeReal', 'PD', 0.6, 'Real', 5000, 1]	1038	856	1144	1962	0.02174520492553711	0.5480464625131996	0.346	0.42419288925214543	5000
['EncodeReal', 'PD', 0.6, 'Real', 10000, 0]	2083	1661	2339	3917	0.02177906036376953	0.5563568376068376	0.3471666666666667	0.42754515599343185	10000
['EncodeReal', 'PD', 0.6, 'Real', 10000, 1]	2108	1592	2408	3892	0.021231651306152344	0.5697297297297297	0.35133333333333333	0.434639175257732	10000
['EncodeReal', 'PD', 0.4, 'Real', 5000, 0]	1335	400	2600	665	0.016364097595214844	0.7694524495677233	0.6675	0.714859437751004	5000
['EncodeReal', 'PD', 0.4, 'Real', 5000, 1]	1376	400	2600	624	0.015838623046875	0.7747747747747747	0.688	0.728813559322034	5000
['EncodeReal', 'KDN', 0.4, 'Real', 3000, 0]	675	459	1341	525	0.02087116241455078	0.5952380952380952	0.5625	0.5784061696658097	3000
['EncodeReal', 'KDN', 0.4, 'Real', 3000, 1]	662	448	1352	538	0.020305871963500977	0.5963963963963964	0.5516666666666666	0.5731601731601732	3000
['EncodeReal', 'PD', 0.7, 'Real', 3000, 0]	740	348	552	1360	0.013756513595581055	0.6801470588235294	0.3523809523809524	0.4642409033877039	3000
['EncodeReal', 'PD', 0.7, 'Real', 3000, 1]	594	565	335	1506	0.012632131576538086	0.5125107851596203	0.28285714285714286	0.36452899662473154	3000
['EncodeReal', 'KDN', 0.3, 'Real', 10000, 0]	1711	1478	5522	1289	0.061907052993774414	0.5365318281592976	0.5703333333333334	0.5529164646954274	10000
['EncodeReal', 'KDN', 0.3, 'Real', 10000, 1]	1745	1475	5525	1255	0.06287050247192383	0.5419254658385093	0.5816666666666667	0.5610932475884244	10000
['EncodeReal', 'KDN', 0.5, 'Real', 5000, 0]	1240	663	1837	1260	0.04205036163330078	0.651602732527588	0.496	0.5632523279582103	5000
['EncodeReal', 'KDN', 0.5, 'Real', 5000, 1]	1268	679	1821	1232	0.042135000228881836	0.6512583461736005	0.5072	0.5702720935462109	5000
['EncodeReal', 'KDN', 0.4, 'Real', 10000, 0]	2147	1409	4591	1853	0.06406021118164062	0.6037682789651294	0.53675	0.5682901005823187	10000
['EncodeReal', 'KDN', 0.4, 'Real', 10000, 1]	2220	1513	4487	1780	0.06497478485107422	0.5946959549959818	0.555	0.5741626794258374	10000
['EncodeReal', 'KDN', 0.5, 'Real', 10000, 0]	2464	1346	3654	2536	0.08543801307678223	0.6467191601049869	0.4928	0.5593643586833144	10000
['EncodeReal', 'KDN', 0.5, 'Real', 10000, 1]	2517	1362	3638	2483	0.08507084846496582	0.6488785769528229	0.5034	0.566955738258813	10000
['EncodeReal', 'KDN', 0.7, 'Real', 3000, 0]	843	346	554	1257	0.020713090896606445	0.7089991589571069	0.4014285714285714	0.512617816965643	3000
['EncodeReal', 'KDN', 0.7, 'Real', 3000, 1]	782	372	528	1318	0.019719839096069336	0.6776429809358753	0.37238095238095237	0.480639213275968	3000
['EncodeReal', 'KDN', 0.7, 'Real', 10000, 0]	2737	1113	1887	4263	0.08544921875	0.7109090909090909	0.391	0.5045161290322581	10000
['EncodeReal', 'KDN', 0.7, 'Real', 10000, 1]	2702	1162	1838	4298	0.08481049537658691	0.6992753623188406	0.386	0.49742268041237125	10000
['EncodeReal', 'KDN', 0.6, 'Real', 10000, 0]	2672	1224	2776	3328	0.08925056457519531	0.6858316221765913	0.44533333333333336	0.540016168148747	10000
['EncodeReal', 'KDN', 0.6, 'Real', 10000, 1]	2676	1236	2764	3324	0.08624053001403809	0.6840490797546013	0.446	0.5399515738498789	10000
['EncodeReal', 'KDN', 0.7, 'Real', 5000, 0]	1405	570	930	2095	0.04262185096740723	0.7113924050632912	0.4014285714285714	0.5132420091324201	5000
['EncodeReal', 'KDN', 0.7, 'Real', 5000, 1]	1367	570	930	2133	0.04117631912231445	0.7057305110996386	0.39057142857142857	0.5028508368585617	5000
['EncodeReal', 'KDN', 0.6, 'Real', 5000, 0]	1363	598	1402	1637	0.03184652328491211	0.6950535441101479	0.4543333333333333	0.5494859907276759	5000
['EncodeReal', 'KDN', 0.6, 'Real', 5000, 1]	1363	638	1362	1637	0.030635833740234375	0.6811594202898551	0.4543333333333333	0.5450909818036392	5000
['EncodeReal', 'PD', 0.7, 'Real', 5000, 0]	1304	520	980	2196	0.015502214431762695	0.7149122807017544	0.37257142857142855	0.48985725018782866	5000
['EncodeReal', 'PD', 0.7, 'Real', 5000, 1]	1422	425	1075	2078	0.016808509826660156	0.7698971304818625	0.4062857142857143	0.5318870394613802	5000
['EncodeReal', 'IH', 0.05, 'Real', 10000, 0]	366	1352	8148	134	0.6574866771697998	0.21303841676367868	0.732	0.33002705139765554	10000
['EncodeReal', 'IH', 0.05, 'Real', 10000, 1]	360	1458	8042	140	0.6228795051574707	0.19801980198019803	0.72	0.31061259706643657	10000
['EncodeReal', 'MCS', 0.05, 'Real', 3000, 0]	103	366	2484	47	0.7185690402984619	0.21961620469083157	0.6866666666666666	0.33279483037156704	3000
['EncodeReal', 'MCS', 0.05, 'Real', 3000, 1]	93	405	2445	57	0.667412281036377	0.18674698795180722	0.62	0.28703703703703703	3000
['EncodeReal', 'MCS', 0.05, 'Real', 5000, 0]	175	675	4075	75	1.3071911334991455	0.20588235294117646	0.7	0.3181818181818182	5000
['EncodeReal', 'MCS', 0.05, 'Real', 5000, 1]	177	606	4144	73	1.2637112140655518	0.2260536398467433	0.708	0.3426911907066795	5000
['EncodeReal', 'MCS', 0.1, 'Real', 10000, 0]	720	1207	7793	280	1.343146800994873	0.3736377789309808	0.72	0.491971301674069	10000
['EncodeReal', 'MCS', 0.1, 'Real', 10000, 1]	746	1235	7765	254	1.3234608173370361	0.37657748611812214	0.746	0.5005031868500504	10000
['EncodeReal', 'IH', 0.4, 'Real', 5000, 0]	1236	476	2524	764	0.3397505283355713	0.7219626168224299	0.618	0.665948275862069	5000
['EncodeReal', 'IH', 0.4, 'Real', 5000, 1]	1185	548	2452	815	0.34951138496398926	0.6837853433352568	0.5925	0.634878114117332	5000
['EncodeReal', 'MCS', 0.05, 'Real', 10000, 0]	350	1354	8146	150	1.609447717666626	0.20539906103286384	0.7	0.3176043557168784	10000
['EncodeReal', 'MCS', 0.05, 'Real', 10000, 1]	371	1320	8180	129	1.4547755718231201	0.21939680662329983	0.742	0.33865814696485624	10000
['EncodeReal', 'KDN', 0.3, 'Real', 5000, 0]	882	712	2788	618	0.02963542938232422	0.5533249686323714	0.588	0.5701357466063348	5000
['EncodeReal', 'KDN', 0.3, 'Real', 5000, 1]	869	749	2751	631	0.030355215072631836	0.5370828182941904	0.5793333333333334	0.5574085952533676	5000
['EncodeReal', 'PD', 0.2, 'Real', 3000, 0]	428	323	2077	172	0.014693737030029297	0.5699067909454061	0.7133333333333334	0.6336047372316802	3000
['EncodeReal', 'PD', 0.2, 'Real', 3000, 1]	432	404	1996	168	0.01319265365600586	0.5167464114832536	0.72	0.6016713091922006	3000
['EncodeReal', 'MCS', 0.2, 'Real', 3000, 0]	444	281	2119	156	0.7153689861297607	0.6124137931034482	0.74	0.670188679245283	3000
['EncodeReal', 'MCS', 0.2, 'Real', 3000, 1]	403	282	2118	197	0.7137060165405273	0.5883211678832116	0.6716666666666666	0.627237354085603	3000
['EncodeReal', 'RFD', 0.2, 'Real', 3000, 0]	375	446	1954	225	0.37868738174438477	0.45676004872107184	0.625	0.5277973258268824	3000
['EncodeReal', 'RFD', 0.2, 'Real', 3000, 1]	392	486	1914	208	0.4024488925933838	0.44646924829157175	0.6533333333333333	0.5304465493910689	3000
['EncodeReal', 'FKDN', 0.05, 'Real', 3000, 0]	94	342	2508	56	0.6698663234710693	0.21559633027522937	0.6266666666666667	0.32081911262798635	3000
['EncodeReal', 'FKDN', 0.05, 'Real', 3000, 1]	107	297	2553	43	0.6760969161987305	0.26485148514851486	0.7133333333333334	0.3862815884476534	3000
['EncodeReal', 'FKDN', 0.1, 'Real', 3000, 0]	196	289	2411	104	0.8721632957458496	0.4041237113402062	0.6533333333333333	0.4993630573248408	3000
['EncodeReal', 'FKDN', 0.1, 'Real', 3000, 1]	163	294	2406	137	0.8570451736450195	0.35667396061269147	0.5433333333333333	0.4306472919418758	3000
['EncodeReal', 'FKDN', 0.05, 'Real', 5000, 0]	174	560	4190	76	1.5773940086364746	0.23705722070844687	0.696	0.35365853658536583	5000
['EncodeReal', 'FKDN', 0.05, 'Real', 5000, 1]	162	569	4181	88	1.531451940536499	0.2216142270861833	0.648	0.3302752293577982	5000
['EncodeReal', 'FKDN', 0.1, 'Real', 5000, 0]	306	513	3987	194	1.995164394378662	0.37362637362637363	0.612	0.46398786959818045	5000
['EncodeReal', 'FKDN', 0.1, 'Real', 5000, 1]	309	611	3889	191	2.035374164581299	0.3358695652173913	0.618	0.4352112676056338	5000
['EncodeReal', 'RFD', 0.3, 'Real', 3000, 0]	521	453	1647	379	0.37841153144836426	0.5349075975359343	0.5788888888888889	0.5560298826040555	3000
['EncodeReal', 'RFD', 0.3, 'Real', 3000, 1]	520	500	1600	380	0.3746037483215332	0.5098039215686274	0.5777777777777777	0.5416666666666666	3000
['EncodeReal', 'FKDN', 0.2, 'Real', 3000, 0]	294	310	2090	306	0.9082915782928467	0.4867549668874172	0.49	0.48837209302325585	3000
['EncodeReal', 'FKDN', 0.2, 'Real', 3000, 1]	300	286	2114	300	0.9252638816833496	0.5119453924914675	0.5	0.505902192242833	3000
['EncodeReal', 'RFD', 0.4, 'Real', 5000, 0]	1051	839	2161	949	0.625525712966919	0.5560846560846561	0.5255	0.5403598971722364	5000
['EncodeReal', 'RFD', 0.4, 'Real', 5000, 1]	1008	770	2230	992	0.6000313758850098	0.5669291338582677	0.504	0.5336156696664902	5000
['EncodeReal', 'FKDN', 0.3, 'Real', 3000, 0]	407	318	1782	493	0.9263615608215332	0.5613793103448276	0.45222222222222225	0.500923076923077	3000
['EncodeReal', 'FKDN', 0.3, 'Real', 3000, 1]	412	340	1760	488	0.9191412925720215	0.5478723404255319	0.4577777777777778	0.49878934624697335	3000
['EncodeReal', 'FKDN', 0.2, 'Real', 5000, 0]	585	598	3402	415	2.0062360763549805	0.4945054945054945	0.585	0.5359596885020613	5000
['EncodeReal', 'FKDN', 0.2, 'Real', 5000, 1]	555	580	3420	445	2.0073294639587402	0.4889867841409692	0.555	0.5199063231850117	5000
['EncodeReal', 'RFD', 0.6, 'Real', 5000, 0]	1232	740	1260	1768	0.8725178241729736	0.6247464503042597	0.4106666666666667	0.4955752212389381	5000
['EncodeReal', 'RFD', 0.6, 'Real', 5000, 1]	1139	752	1248	1861	0.8716599941253662	0.6023268112109995	0.37966666666666665	0.4657534246575342	5000
['EncodeReal', 'RFD', 0.5, 'Real', 5000, 0]	1097	762	1738	1403	0.6120491027832031	0.5901022054868209	0.4388	0.5033264510208765	5000
['EncodeReal', 'RFD', 0.5, 'Real', 5000, 1]	1159	728	1772	1341	0.6069836616516113	0.6142024377318495	0.4636	0.5283793024846136	5000
['EncodeReal', 'RFD', 0.6, 'Real', 3000, 0]	717	432	768	1083	0.5688328742980957	0.6240208877284595	0.3983333333333333	0.4862665310274669	3000
['EncodeReal', 'RFD', 0.6, 'Real', 3000, 1]	683	411	789	1117	0.5453534126281738	0.6243144424131627	0.3794444444444444	0.4720110573600553	3000
['EncodeReal', 'FKDN', 0.4, 'Real', 3000, 0]	491	347	1453	709	0.910391092300415	0.5859188544152745	0.4091666666666667	0.48184494602551525	3000
['EncodeReal', 'FKDN', 0.4, 'Real', 3000, 1]	480	326	1474	720	0.9198472499847412	0.5955334987593052	0.4	0.47856430707876374	3000
['EncodeReal', 'FKDN', 0.3, 'Real', 5000, 0]	723	615	2885	777	1.6052370071411133	0.5403587443946188	0.482	0.5095137420718815	5000
['EncodeReal', 'FKDN', 0.3, 'Real', 5000, 1]	768	577	2923	732	1.591313123703003	0.571003717472119	0.512	0.5398945518453427	5000
['EncodeReal', 'RFD', 0.5, 'Real', 10000, 0]	2174	1483	3517	2826	1.6946532726287842	0.5944763467322942	0.4348	0.5022525124176966	10000
['EncodeReal', 'RFD', 0.5, 'Real', 10000, 1]	2206	1490	3510	2794	1.693960428237915	0.5968614718614719	0.4412	0.5073597056117756	10000
['EncodeReal', 'RkDN', 0.7, 'Real', 3000, 0]	720	272	628	1380	0.05767512321472168	0.7258064516129032	0.34285714285714286	0.4657179818887452	3000
['EncodeReal', 'RkDN', 0.7, 'Real', 3000, 1]	708	283	617	1392	0.05437064170837402	0.7144298688193743	0.33714285714285713	0.45810417340666454	3000
['EncodeReal', 'KDN', 0.5, 'Real', 3000, 0]	780	391	1109	720	0.020475149154663086	0.6660973526900086	0.52	0.5840509172594535	3000
['EncodeReal', 'KDN', 0.5, 'Real', 3000, 1]	773	394	1106	727	0.019328594207763672	0.662382176520994	0.5153333333333333	0.5796775403074615	3000
['EncodeReal', 'MCS', 0.4, 'Real', 5000, 0]	1266	313	2687	734	0.6666731834411621	0.8017732742241925	0.633	0.7074601844090528	5000
['EncodeReal', 'MCS', 0.4, 'Real', 5000, 1]	1284	365	2635	716	0.814434289932251	0.7786537295330503	0.642	0.7037544532748699	5000
['EncodeReal', 'MCS', 0.1, 'Real', 3000, 0]	210	369	2331	90	0.6253080368041992	0.3626943005181347	0.7	0.47781569965870313	3000
['EncodeReal', 'MCS', 0.1, 'Real', 3000, 1]	205	367	2333	95	0.6814122200012207	0.3583916083916084	0.6833333333333333	0.4701834862385322	3000
['EncodeReal', 'MCS', 0.7, 'Real', 5000, 0]	1605	419	1081	1895	0.7187833786010742	0.7929841897233202	0.4585714285714286	0.5811006517016655	5000
['EncodeReal', 'MCS', 0.7, 'Real', 5000, 1]	1601	376	1124	1899	0.7122838497161865	0.8098128477491148	0.4574285714285714	0.5846266204126346	5000
['EncodeReal', 'IH', 0.05, 'Real', 3000, 0]	123	453	2397	27	0.296924352645874	0.21354166666666666	0.82	0.33884297520661155	3000
['EncodeReal', 'IH', 0.05, 'Real', 3000, 1]	109	408	2442	41	0.2563498020172119	0.21083172147001933	0.7266666666666667	0.3268365817091454	3000
['EncodeReal', 'IH', 0.05, 'Real', 5000, 0]	177	717	4033	73	0.5400793552398682	0.19798657718120805	0.708	0.3094405594405594	5000
['EncodeReal', 'IH', 0.05, 'Real', 5000, 1]	184	742	4008	66	0.5460140705108643	0.19870410367170627	0.736	0.31292517006802717	5000
['EncodeReal', 'IH', 0.5, 'Real', 5000, 0]	1314	459	2041	1186	0.3316371440887451	0.7411167512690355	0.5256	0.615024572899602	5000
['EncodeReal', 'IH', 0.5, 'Real', 5000, 1]	1365	466	2034	1135	0.31266331672668457	0.7454942654287274	0.546	0.6303394135303625	5000
['EncodeReal', 'RkDN', 0.6, 'Real', 10000, 0]	2384	1024	2976	3616	0.5213215351104736	0.6995305164319249	0.3973333333333333	0.5068027210884355	10000
['EncodeReal', 'RkDN', 0.6, 'Real', 10000, 1]	2254	1058	2942	3746	0.5150766372680664	0.6805555555555556	0.37566666666666665	0.48410652920962205	10000
['EncodeReal', 'MCS', 0.3, 'Real', 10000, 0]	2107	788	6212	893	1.122058629989624	0.7278065630397237	0.7023333333333334	0.7148430873621714	10000
['EncodeReal', 'MCS', 0.3, 'Real', 10000, 1]	2120	756	6244	880	1.3312077522277832	0.7371349095966621	0.7066666666666667	0.7215793056501021	10000
['EncodeReal', 'PD', 0.5, 'Real', 3000, 0]	699	500	1000	801	0.019528627395629883	0.5829858215179317	0.466	0.5179696183771767	3000
['EncodeReal', 'PD', 0.5, 'Real', 3000, 1]	569	530	970	931	0.018970727920532227	0.5177434030937216	0.37933333333333336	0.4378607156598693	3000
['EncodeReal', 'IH', 0.2, 'Real', 5000, 0]	694	611	3389	306	0.37604737281799316	0.5318007662835249	0.694	0.6021691973969631	5000
['EncodeReal', 'IH', 0.2, 'Real', 5000, 1]	668	626	3374	332	0.3691368103027344	0.5162287480680062	0.668	0.5823888404533566	5000
['EncodeReal', 'KDN', 0.6, 'Real', 3000, 0]	840	383	817	960	0.027744293212890625	0.6868356500408831	0.4666666666666667	0.555739331789613	3000
['EncodeReal', 'KDN', 0.6, 'Real', 3000, 1]	831	395	805	969	0.027360200881958008	0.6778140293637847	0.46166666666666667	0.549239920687376	3000
['EncodeReal', 'RFD', 0.4, 'Real', 3000, 0]	581	561	1239	619	0.5850925445556641	0.5087565674255692	0.4841666666666667	0.4961571306575577	3000
['EncodeReal', 'RFD', 0.4, 'Real', 3000, 1]	656	480	1320	544	0.552680253982544	0.5774647887323944	0.5466666666666666	0.5616438356164384	3000
['EncodeReal', 'IH', 0.2, 'Real', 10000, 0]	1340	1191	6809	660	0.6341629028320312	0.5294350059265113	0.67	0.5914809092915471	10000
['EncodeReal', 'IH', 0.2, 'Real', 10000, 1]	1378	1159	6841	622	0.6269965171813965	0.5431612140323216	0.689	0.6074498567335243	10000
['EncodeReal', 'IH', 0.3, 'Real', 3000, 0]	583	333	1767	317	0.38616013526916504	0.6364628820960698	0.6477777777777778	0.6420704845814977	3000
['EncodeReal', 'IH', 0.3, 'Real', 3000, 1]	581	326	1774	319	0.39929771423339844	0.6405733186328556	0.6455555555555555	0.6430547869396791	3000
['EncodeReal', 'RkDN', 0.4, 'Real', 5000, 0]	968	597	2403	1032	0.13890790939331055	0.6185303514376996	0.484	0.5430575035063113	5000
['EncodeReal', 'RkDN', 0.4, 'Real', 5000, 1]	960	636	2364	1040	0.13602972030639648	0.6015037593984962	0.48	0.5339265850945495	5000
['EncodeReal', 'PD', 0.05, 'Real', 10000, 0]	359	1542	7958	141	0.02285456657409668	0.18884797475013151	0.718	0.2990420658059142	10000
['EncodeReal', 'PD', 0.05, 'Real', 10000, 1]	345	1533	7967	155	0.020274639129638672	0.18370607028753994	0.69	0.2901597981497056	10000
['EncodeReal', 'IH', 0.3, 'Real', 10000, 0]	2019	1129	5871	981	0.633488655090332	0.6413595933926303	0.673	0.6567989590110606	10000
['EncodeReal', 'IH', 0.3, 'Real', 10000, 1]	1950	1034	5966	1050	0.5889031887054443	0.653485254691689	0.65	0.6517379679144385	10000
['EncodeReal', 'RkDN', 0.1, 'Real', 5000, 0]	311	776	3724	189	0.1359410285949707	0.2861085556577737	0.622	0.3919344675488343	5000
['EncodeReal', 'RkDN', 0.1, 'Real', 5000, 1]	309	753	3747	191	0.1356956958770752	0.2909604519774011	0.618	0.39564660691421255	5000
['EncodeReal', 'PD', 0.1, 'Real', 3000, 0]	203	431	2269	97	0.012907981872558594	0.32018927444794953	0.6766666666666666	0.4346895074946467	3000
['EncodeReal', 'PD', 0.1, 'Real', 3000, 1]	200	410	2290	100	0.012538433074951172	0.32786885245901637	0.6666666666666666	0.4395604395604395	3000
['EncodeReal', 'RFD', 0.6, 'Real', 10000, 0]	2293	1386	2614	3707	1.2347230911254883	0.6232671921717858	0.38216666666666665	0.47380927781795645	10000
['EncodeReal', 'RFD', 0.6, 'Real', 10000, 1]	2408	1439	2561	3592	1.269587755203247	0.625942292695607	0.4013333333333333	0.48908296943231444	10000
['EncodeReal', 'FKDN', 0.2, 'Real', 10000, 0]	1162	1118	6882	838	7.141607046127319	0.5096491228070176	0.581	0.5429906542056075	10000
['EncodeReal', 'FKDN', 0.2, 'Real', 10000, 1]	1153	1161	6839	847	7.183317422866821	0.4982713915298185	0.5765	0.5345387111729253	10000
['EncodeReal', 'RkDN', 0.4, 'Real', 3000, 0]	580	377	1423	620	0.0572199821472168	0.6060606060606061	0.48333333333333334	0.5377839592025963	3000
['EncodeReal', 'RkDN', 0.4, 'Real', 3000, 1]	553	357	1443	647	0.05372047424316406	0.6076923076923076	0.4608333333333333	0.524170616113744	3000
['EncodeReal', 'RFD', 0.4, 'Real', 10000, 0]	2032	1693	4307	1968	1.2918305397033691	0.545503355704698	0.508	0.526084142394822	10000
['EncodeReal', 'RFD', 0.4, 'Real', 10000, 1]	1975	1619	4381	2025	1.232046365737915	0.5495269894268224	0.49375	0.5201474848564658	10000
['EncodeReal', 'RFD', 0.5, 'Real', 3000, 0]	683	455	1045	817	0.4212226867675781	0.6001757469244289	0.4553333333333333	0.5178165276724792	3000
['EncodeReal', 'RFD', 0.5, 'Real', 3000, 1]	664	468	1032	836	0.4133265018463135	0.5865724381625441	0.44266666666666665	0.5045592705167173	3000
['EncodeReal', 'RFD', 0.05, 'Real', 5000, 0]	175	721	4029	75	0.5003349781036377	0.1953125	0.7	0.3054101221640489	5000
['EncodeReal', 'RFD', 0.05, 'Real', 5000, 1]	180	739	4011	70	0.5270299911499023	0.19586507072905332	0.72	0.30795551753635586	5000
['EncodeReal', 'RkDN', 0.1, 'Real', 10000, 0]	609	1494	7506	391	0.42717885971069336	0.289586305278174	0.609	0.3925233644859813	10000
['EncodeReal', 'RkDN', 0.1, 'Real', 10000, 1]	592	1519	7481	408	0.42924070358276367	0.28043581241117954	0.592	0.38058502089360335	10000
['EncodeReal', 'PD', 0.5, 'Real', 10000, 0]	2759	863	4137	2241	0.021841049194335938	0.7617338487023744	0.5518	0.6399907214103456	10000
['EncodeReal', 'PD', 0.5, 'Real', 10000, 1]	2513	1096	3904	2487	0.021427631378173828	0.6963147686339707	0.5026	0.5838076431641306	10000
['EncodeReal', 'RFD', 0.7, 'Real', 5000, 0]	1217	674	826	2283	0.6049818992614746	0.6435748281332628	0.3477142857142857	0.45149322945650155	5000
['EncodeReal', 'RFD', 0.7, 'Real', 5000, 1]	1163	579	921	2337	0.6083314418792725	0.6676234213547646	0.3322857142857143	0.4437237695536055	5000
['EncodeReal', 'IH', 0.3, 'Real', 5000, 0]	982	583	2917	518	0.36421728134155273	0.6274760383386582	0.6546666666666666	0.6407830342577489	5000
['EncodeReal', 'IH', 0.3, 'Real', 5000, 1]	986	550	2950	514	0.3594655990600586	0.6419270833333334	0.6573333333333333	0.6495388669301713	5000
['EncodeReal', 'PD', 0.5, 'Real', 5000, 0]	940	985	1515	1560	0.014876842498779297	0.4883116883116883	0.376	0.4248587570621469	5000
['EncodeReal', 'PD', 0.5, 'Real', 5000, 1]	1601	368	2132	899	0.014353752136230469	0.8131030980192991	0.6404	0.7164913850973371	5000
['EncodeReal', 'PD', 0.4, 'Real', 10000, 0]	2667	722	5278	1333	0.02164006233215332	0.7869578046621423	0.66675	0.7218838814453917	10000
['EncodeReal', 'PD', 0.4, 'Real', 10000, 1]	2561	790	5210	1439	0.021413326263427734	0.7642494777678305	0.64025	0.6967759488504964	10000
['EncodeReal', 'RkDN', 0.2, 'Real', 3000, 0]	382	420	1980	218	0.05664515495300293	0.4763092269326683	0.6366666666666667	0.5449358059914409	3000
['EncodeReal', 'RkDN', 0.2, 'Real', 3000, 1]	336	396	2004	264	0.05095243453979492	0.45901639344262296	0.56	0.5045045045045045	3000
['EncodeReal', 'PD', 0.05, 'Real', 3000, 0]	107	431	2419	43	0.013278722763061523	0.19888475836431227	0.7133333333333334	0.311046511627907	3000
['EncodeReal', 'PD', 0.05, 'Real', 3000, 1]	111	446	2404	39	0.013378143310546875	0.1992818671454219	0.74	0.31400282885431396	3000
['EncodeReal', 'RkDN', 0.3, 'Real', 5000, 0]	801	672	2828	699	0.1432332992553711	0.5437881873727087	0.534	0.5388496468213925	5000
['EncodeReal', 'RkDN', 0.3, 'Real', 5000, 1]	774	688	2812	726	0.14407587051391602	0.5294117647058824	0.516	0.5226198514517219	5000
['EncodeReal', 'PD', 0.3, 'Real', 10000, 0]	1963	1070	5930	1037	0.021561145782470703	0.6472139795581932	0.6543333333333333	0.6507541853141057	10000
['EncodeReal', 'PD', 0.3, 'Real', 10000, 1]	1952	1110	5890	1048	0.021068811416625977	0.6374918354016982	0.6506666666666666	0.6440118772682283	10000
['EncodeReal', 'RFD', 0.3, 'Real', 10000, 0]	1693	1652	5348	1307	1.6461243629455566	0.5061285500747384	0.5643333333333334	0.5336485421591805	10000
['EncodeReal', 'RFD', 0.3, 'Real', 10000, 1]	1681	1656	5344	1319	1.5485608577728271	0.5037458795325143	0.5603333333333333	0.5305349534480038	10000
['EncodeReal', 'RFD', 0.7, 'Real', 10000, 0]	2316	1219	1781	4684	1.2435967922210693	0.6551626591230552	0.33085714285714285	0.43967726625533937	10000
['EncodeReal', 'RFD', 0.7, 'Real', 10000, 1]	2352	1258	1742	4648	1.2342939376831055	0.6515235457063712	0.336	0.44335532516493875	10000
['EncodeReal', 'IH', 0.7, 'Real', 3000, 0]	692	371	529	1408	0.17955422401428223	0.6509877704609596	0.3295238095238095	0.43755927916534937	3000
['EncodeReal', 'IH', 0.7, 'Real', 3000, 1]	746	371	529	1354	0.1966869831085205	0.6678603401969562	0.35523809523809524	0.4637861361516941	3000
['EncodeReal', 'FKDN', 0.1, 'Real', 10000, 0]	619	1114	7886	381	7.165795803070068	0.3571840738603578	0.619	0.45298207098426635	10000
['EncodeReal', 'FKDN', 0.1, 'Real', 10000, 1]	633	1094	7906	367	7.358320474624634	0.3665315576143602	0.633	0.4642464246424643	10000
['EncodeReal', 'PD', 0.2, 'Real', 10000, 0]	1392	1181	6819	608	0.02090144157409668	0.541002720559658	0.696	0.6087907281871856	10000
['EncodeReal', 'PD', 0.2, 'Real', 10000, 1]	1364	1280	6720	636	0.021317720413208008	0.5158850226928896	0.682	0.5874246339362619	10000
['EncodeReal', 'RkDN', 0.7, 'Real', 10000, 0]	2371	1002	1998	4629	0.421032190322876	0.7029350726356359	0.3387142857142857	0.45714836595006264	10000
['EncodeReal', 'RkDN', 0.7, 'Real', 10000, 1]	2372	956	2044	4628	0.42356252670288086	0.7127403846153846	0.33885714285714286	0.4593338497288923	10000
['EncodeReal', 'RkDN', 0.7, 'Real', 5000, 0]	1208	471	1029	2292	0.14404916763305664	0.7194758784991067	0.34514285714285714	0.4664993241938598	5000
['EncodeReal', 'RkDN', 0.7, 'Real', 5000, 1]	1190	457	1043	2310	0.13580679893493652	0.7225258044930176	0.34	0.46240528463182434	5000
['EncodeReal', 'FKDN', 0.5, 'Real', 3000, 0]	506	355	1145	994	0.9210762977600098	0.5876887340301974	0.3373333333333333	0.4286319356204997	3000
['EncodeReal', 'FKDN', 0.5, 'Real', 3000, 1]	469	283	1217	1031	0.9345471858978271	0.6236702127659575	0.31266666666666665	0.41651865008880995	3000
['EncodeReal', 'IH', 0.6, 'Real', 10000, 0]	2634	987	3013	3366	0.5039186477661133	0.7274233637116818	0.439	0.5475522294979731	10000
['EncodeReal', 'IH', 0.6, 'Real', 10000, 1]	2564	955	3045	3436	0.4626035690307617	0.7286160841148054	0.42733333333333334	0.5387120495850404	10000
['EncodeReal', 'FKDN', 0.4, 'Real', 10000, 0]	1744	1331	4669	2256	7.381237506866455	0.5671544715447154	0.436	0.49300353356890464	10000
['EncodeReal', 'FKDN', 0.4, 'Real', 10000, 1]	1830	1285	4715	2170	7.509416341781616	0.5874799357945425	0.4575	0.5144061841180605	10000
['EncodeReal', 'IH', 0.2, 'Real', 3000, 0]	406	360	2040	194	0.2693641185760498	0.5300261096605744	0.6766666666666666	0.5944363103953147	3000
['EncodeReal', 'IH', 0.2, 'Real', 3000, 1]	398	355	2045	202	0.2696645259857178	0.5285524568393094	0.6633333333333333	0.5883222468588323	3000
['EncodeReal', 'FKDN', 0.5, 'Real', 5000, 0]	865	564	1936	1635	1.5421562194824219	0.6053184044786564	0.346	0.4403156019343344	5000
['EncodeReal', 'FKDN', 0.5, 'Real', 5000, 1]	933	570	1930	1567	1.537003993988037	0.6207584830339321	0.3732	0.4661503872095928	5000
['EncodeReal', 'IH', 0.6, 'Real', 3000, 0]	798	323	877	1002	0.19032931327819824	0.711864406779661	0.44333333333333336	0.5463882232112292	3000
['EncodeReal', 'IH', 0.6, 'Real', 3000, 1]	792	306	894	1008	0.1571521759033203	0.7213114754098361	0.44	0.546583850931677	3000
['EncodeReal', 'IH', 0.1, 'Real', 5000, 0]	371	737	3763	129	0.36348533630371094	0.3348375451263538	0.742	0.4614427860696518	5000
['EncodeReal', 'IH', 0.1, 'Real', 5000, 1]	356	688	3812	144	0.3699049949645996	0.34099616858237547	0.712	0.46113989637305697	5000
['EncodeReal', 'KDN', 0.05, 'Real', 5000, 0]	159	910	3840	91	0.029428482055664062	0.14873713751169318	0.636	0.24109173616376045	5000
['EncodeReal', 'KDN', 0.05, 'Real', 5000, 1]	168	917	3833	82	0.029822587966918945	0.15483870967741936	0.672	0.251685393258427	5000
['EncodeReal', 'FKDN', 0.5, 'Real', 10000, 0]	2005	1147	3853	2995	5.80188775062561	0.6361040609137056	0.401	0.4919038272816487	10000
['EncodeReal', 'FKDN', 0.5, 'Real', 10000, 1]	2042	1180	3820	2958	5.626270294189453	0.6337678460583489	0.4084	0.4967161274629045	10000
['EncodeReal', 'FKDN', 0.6, 'Real', 3000, 0]	523	301	899	1277	0.905461311340332	0.6347087378640777	0.29055555555555557	0.3986280487804878	3000
['EncodeReal', 'FKDN', 0.6, 'Real', 3000, 1]	523	311	889	1277	0.901695966720581	0.6270983213429256	0.29055555555555557	0.3971146545178436	3000
['EncodeReal', 'KDN', 0.05, 'Real', 3000, 0]	100	557	2293	50	0.019855499267578125	0.15220700152207	0.6666666666666666	0.24783147459727387	3000
['EncodeReal', 'KDN', 0.05, 'Real', 3000, 1]	112	578	2272	38	0.01838994026184082	0.16231884057971013	0.7466666666666667	0.26666666666666666	3000
['EncodeReal', 'RFD', 0.2, 'Real', 5000, 0]	631	769	3231	369	0.5769317150115967	0.45071428571428573	0.631	0.5258333333333333	5000
['EncodeReal', 'RFD', 0.2, 'Real', 5000, 1]	665	822	3178	335	0.5911693572998047	0.44720914593140554	0.665	0.5347808604744673	5000
['EncodeReal', 'RFD', 0.2, 'Real', 10000, 0]	1289	1616	6384	711	1.4768662452697754	0.4437177280550775	0.6445	0.525586136595311	10000
['EncodeReal', 'RFD', 0.2, 'Real', 10000, 1]	1326	1631	6369	674	1.519237756729126	0.4484274602637809	0.663	0.5350010086746017	10000
['EncodeReal', 'FKDN', 0.05, 'Real', 10000, 0]	347	1138	8362	153	5.554135322570801	0.23367003367003367	0.694	0.34962216624685133	10000
['EncodeReal', 'FKDN', 0.05, 'Real', 10000, 1]	324	1295	8205	176	5.334683895111084	0.20012353304508956	0.648	0.3058046248230297	10000
['EncodeReal', 'IH', 0.1, 'Real', 3000, 0]	217	413	2287	83	0.2948596477508545	0.34444444444444444	0.7233333333333334	0.46666666666666673	3000
['EncodeReal', 'IH', 0.1, 'Real', 3000, 1]	215	421	2279	85	0.2800910472869873	0.3380503144654088	0.7166666666666667	0.4594017094017094	3000
['EncodeReal', 'FKDN', 0.6, 'Real', 5000, 0]	869	504	1496	2131	1.699293613433838	0.6329206117989803	0.2896666666666667	0.39743882917905327	5000
['EncodeReal', 'FKDN', 0.6, 'Real', 5000, 1]	996	579	1421	2004	1.6311511993408203	0.6323809523809524	0.332	0.43540983606557376	5000
['EncodeReal', 'KDN', 0.05, 'Real', 10000, 0]	325	1798	7702	175	0.06313657760620117	0.15308525671219972	0.65	0.24780785360274496	10000
['EncodeReal', 'KDN', 0.05, 'Real', 10000, 1]	347	1870	7630	153	0.06239581108093262	0.15651781686964367	0.694	0.25542878174457123	10000
['EncodeReal', 'RkDN', 0.6, 'Real', 5000, 0]	1164	589	1411	1836	0.13871002197265625	0.6640045636052482	0.388	0.489795918367347	5000
['EncodeReal', 'RkDN', 0.6, 'Real', 5000, 1]	1224	575	1425	1776	0.13616609573364258	0.6803779877709839	0.408	0.5101062721400292	5000
['EncodeReal', 'IH', 0.1, 'Real', 10000, 0]	697	1384	7616	303	0.6487469673156738	0.33493512734262376	0.697	0.45245050308341445	10000
['EncodeReal', 'IH', 0.1, 'Real', 10000, 1]	734	1299	7701	266	0.6614618301391602	0.3610427939006394	0.734	0.4840092317837125	10000
['EncodeReal', 'IH', 0.6, 'Real', 5000, 0]	1364	536	1464	1636	0.28960108757019043	0.7178947368421053	0.45466666666666666	0.556734693877551	5000
['EncodeReal', 'IH', 0.6, 'Real', 5000, 1]	1314	514	1486	1686	0.25832056999206543	0.7188183807439825	0.438	0.5443247721623862	5000
['EncodeReal', 'IH', 0.5, 'Real', 10000, 0]	2804	851	4149	2196	0.7505297660827637	0.7671682626538988	0.5608	0.647949162333911	10000
['EncodeReal', 'IH', 0.5, 'Real', 10000, 1]	2805	814	4186	2195	0.5793099403381348	0.7750759878419453	0.561	0.6508875739644971	10000
['EncodeReal', 'FKDN', 0.6, 'Real', 10000, 0]	1919	1117	2883	4081	5.483217239379883	0.6320816864295126	0.31983333333333336	0.4247454625940682	10000
['EncodeReal', 'FKDN', 0.6, 'Real', 10000, 1]	2108	1156	2844	3892	5.532171726226807	0.6458333333333334	0.35133333333333333	0.4550949913644214	10000
['EncodeReal', 'KDN', 0.1, 'Real', 3000, 0]	201	514	2186	99	0.02742624282836914	0.2811188811188811	0.67	0.39605911330049265	3000
['EncodeReal', 'KDN', 0.1, 'Real', 3000, 1]	217	559	2141	83	0.026250600814819336	0.27963917525773196	0.7233333333333334	0.40334572490706316	3000
['EncodeReal', 'RkDN', 0.2, 'Real', 5000, 0]	572	705	3295	428	0.13895535469055176	0.44792482380579485	0.572	0.5024154589371981	5000
['EncodeReal', 'RkDN', 0.2, 'Real', 5000, 1]	589	752	3248	411	0.13645124435424805	0.43922445935868754	0.589	0.5032037590773173	5000
['EncodeReal', 'FKDN', 0.7, 'Real', 3000, 0]	525	319	581	1575	0.7032625675201416	0.6220379146919431	0.25	0.35665760869565216	3000
['EncodeReal', 'FKDN', 0.7, 'Real', 3000, 1]	480	285	615	1620	0.6852388381958008	0.6274509803921569	0.22857142857142856	0.33507853403141363	3000
['EncodeReal', 'RkDN', 0.6, 'Real', 3000, 0]	658	319	881	1142	0.05498075485229492	0.6734902763561924	0.3655555555555556	0.4738926899531869	3000
['EncodeReal', 'RkDN', 0.6, 'Real', 3000, 1]	712	349	851	1088	0.04982781410217285	0.6710650329877474	0.39555555555555555	0.4977280671094024	3000
['EncodeReal', 'RFD', 0.3, 'Real', 5000, 0]	900	792	2708	600	0.6427943706512451	0.5319148936170213	0.6	0.5639097744360901	5000
['EncodeReal', 'RFD', 0.3, 'Real', 5000, 1]	804	820	2680	696	0.6309208869934082	0.49507389162561577	0.536	0.5147247119078106	5000
['EncodeReal', 'KDN', 0.1, 'Real', 10000, 0]	652	1706	7294	348	0.06377124786376953	0.2765055131467345	0.652	0.388326384752829	10000
['EncodeReal', 'KDN', 0.1, 'Real', 10000, 1]	684	1785	7215	316	0.06229686737060547	0.2770352369380316	0.684	0.39434995675987317	10000
['EncodeReal', 'RkDN', 0.2, 'Real', 10000, 0]	1147	1376	6624	853	0.4228689670562744	0.4546175188267935	0.5735	0.5071854963519788	10000
['EncodeReal', 'RkDN', 0.2, 'Real', 10000, 1]	1168	1372	6628	832	0.4290633201599121	0.45984251968503936	0.584	0.5145374449339207	10000
['EncodeReal', 'RkDN', 0.3, 'Real', 3000, 0]	480	382	1718	420	0.055586814880371094	0.5568445475638051	0.5333333333333333	0.5448354143019296	3000
['EncodeReal', 'RkDN', 0.3, 'Real', 3000, 1]	486	385	1715	414	0.051107168197631836	0.5579793340987371	0.54	0.5488424618859402	3000
['EncodeReal', 'RFD', 0.7, 'Real', 3000, 0]	729	418	482	1371	0.4003612995147705	0.6355710549258936	0.34714285714285714	0.4490298737295966	3000
['EncodeReal', 'RFD', 0.7, 'Real', 3000, 1]	769	395	505	1331	0.40098118782043457	0.6606529209621993	0.3661904761904762	0.4712009803921568	3000
['EncodeReal', 'PD', 0.05, 'Real', 5000, 0]	162	780	3970	88	0.015259027481079102	0.17197452229299362	0.648	0.27181208053691275	5000
['EncodeReal', 'PD', 0.05, 'Real', 5000, 1]	173	723	4027	77	0.015174150466918945	0.19308035714285715	0.692	0.3019197207678883	5000
['EncodeReal', 'FKDN', 0.7, 'Real', 5000, 0]	884	459	1041	2616	1.5714547634124756	0.6582278481012658	0.25257142857142856	0.36506297749328925	5000
['EncodeReal', 'FKDN', 0.7, 'Real', 5000, 1]	925	512	988	2575	1.6267204284667969	0.6437021572720947	0.2642857142857143	0.3747214907838769	5000
['EncodeReal', 'MCS', 0.3, 'Real', 5000, 0]	1072	384	3116	428	1.3594281673431396	0.7362637362637363	0.7146666666666667	0.7253044654939107	5000
['EncodeReal', 'MCS', 0.3, 'Real', 5000, 1]	1035	394	3106	465	1.1329703330993652	0.7242827151854444	0.69	0.706725844998293	5000
['EncodeReal', 'FKDN', 0.7, 'Real', 10000, 0]	1853	1040	1960	5147	7.251906156539917	0.6405115796750778	0.26471428571428574	0.3746083089052866	10000
['EncodeReal', 'FKDN', 0.7, 'Real', 10000, 1]	1921	953	2047	5079	7.248100996017456	0.6684064022268615	0.2744285714285714	0.3891026939436905	10000
['EncodeReal', 'RkDN', 0.05, 'Real', 3000, 0]	92	520	2330	58	0.07033586502075195	0.1503267973856209	0.6133333333333333	0.24146981627296588	3000
['EncodeReal', 'RkDN', 0.05, 'Real', 3000, 1]	103	494	2356	47	0.06733918190002441	0.17252931323283083	0.6866666666666666	0.27576974564926376	3000
['EncodeReal', 'KDN', 0.2, 'Real', 3000, 0]	367	484	1916	233	0.027533292770385742	0.4312573443008226	0.6116666666666667	0.5058580289455548	3000
['EncodeReal', 'KDN', 0.2, 'Real', 3000, 1]	388	487	1913	212	0.026622772216796875	0.44342857142857145	0.6466666666666666	0.5261016949152543	3000
['EncodeReal', 'RkDN', 0.3, 'Real', 10000, 0]	1566	1262	5738	1434	0.4270637035369873	0.5537482319660537	0.522	0.5374056280027454	10000
['EncodeReal', 'RkDN', 0.3, 'Real', 10000, 1]	1590	1346	5654	1410	0.4315073490142822	0.5415531335149864	0.53	0.5357142857142857	10000
['EncodeReal', 'KDN', 0.1, 'Real', 5000, 0]	345	948	3552	155	0.030691862106323242	0.2668213457076566	0.69	0.38482989403234796	5000
['EncodeReal', 'KDN', 0.1, 'Real', 5000, 1]	322	879	3621	178	0.030636072158813477	0.2681099084096586	0.644	0.37860082304526743	5000
['EncodeReal', 'IH', 0.4, 'Real', 3000, 0]	696	300	1500	504	0.2366349697113037	0.6987951807228916	0.58	0.6338797814207651	3000
['EncodeReal', 'IH', 0.4, 'Real', 3000, 1]	724	322	1478	476	0.26729488372802734	0.6921606118546845	0.6033333333333334	0.6447016918967052	3000
['EncodeReal', 'RkDN', 0.4, 'Real', 10000, 0]	1910	1193	4807	2090	0.4248354434967041	0.6155333548179182	0.4775	0.5378009291848515	10000
['EncodeReal', 'RkDN', 0.4, 'Real', 10000, 1]	1879	1174	4826	2121	0.437488317489624	0.6154602030789388	0.46975	0.532822912235928	10000
['EncodeReal', 'RkDN', 0.05, 'Real', 5000, 0]	159	753	3997	91	0.17935752868652344	0.17434210526315788	0.636	0.2736660929432014	5000
['EncodeReal', 'RkDN', 0.05, 'Real', 5000, 1]	149	793	3957	101	0.18079423904418945	0.15817409766454352	0.596	0.25	5000
['EncodeReal', 'RkDN', 0.1, 'Real', 3000, 0]	172	494	2206	128	0.05460977554321289	0.25825825825825827	0.5733333333333334	0.35610766045548653	3000
['EncodeReal', 'RkDN', 0.1, 'Real', 3000, 1]	188	449	2251	112	0.05062389373779297	0.29513343799058084	0.6266666666666667	0.4012806830309499	3000
['EncodeReal', 'PD', 0.2, 'Real', 5000, 0]	674	622	3378	326	0.025231599807739258	0.5200617283950617	0.674	0.5871080139372823	5000
['EncodeReal', 'PD', 0.2, 'Real', 5000, 1]	724	536	3464	276	0.020943641662597656	0.5746031746031746	0.724	0.6407079646017699	5000
['EncodeReal', 'IH', 0.5, 'Real', 3000, 0]	820	351	1149	680	0.4021623134613037	0.7002561912894961	0.5466666666666666	0.6140022463496818	3000
['EncodeReal', 'IH', 0.5, 'Real', 3000, 1]	788	317	1183	712	0.4106893539428711	0.7131221719457014	0.5253333333333333	0.6049904030710173	3000
['EncodeReal', 'KDN', 0.3, 'Real', 3000, 0]	545	456	1644	355	0.019710540771484375	0.5444555444555444	0.6055555555555555	0.5733824302998421	3000
['EncodeReal', 'KDN', 0.3, 'Real', 3000, 1]	552	458	1642	348	0.019206762313842773	0.5465346534653466	0.6133333333333333	0.5780104712041885	3000
['EncodeReal', 'FKDN', 0.3, 'Real', 10000, 0]	1584	1292	5708	1416	5.403597593307495	0.5507649513212796	0.528	0.539142273655548	10000
['EncodeReal', 'FKDN', 0.3, 'Real', 10000, 1]	1619	1255	5745	1381	5.373670816421509	0.5633263743910926	0.5396666666666666	0.5512427647259108	10000
['EncodeReal', 'MCS', 0.4, 'Real', 10000, 0]	2613	682	5318	1387	1.242032527923584	0.7930197268588771	0.65325	0.7163810829335161	10000
['EncodeReal', 'MCS', 0.4, 'Real', 10000, 1]	2678	636	5364	1322	1.2092792987823486	0.8080869040434521	0.6695	0.7322942302433689	10000
['EncodeReal', 'FKDN', 0.4, 'Real', 5000, 0]	858	540	2460	1142	1.58748197555542	0.6137339055793991	0.429	0.5050029429075926	5000
['EncodeReal', 'FKDN', 0.4, 'Real', 5000, 1]	870	564	2436	1130	1.5741925239562988	0.606694560669456	0.435	0.5066977285963891	5000
['EncodeReal', 'MCS', 0.6, 'Real', 3000, 0]	918	239	961	882	0.5673253536224365	0.7934312878133103	0.51	0.6208995603652351	3000
['EncodeReal', 'MCS', 0.6, 'Real', 3000, 1]	881	264	936	919	0.48592424392700195	0.7694323144104803	0.48944444444444446	0.59830220713073	3000
['EncodeReal', 'MCS', 0.4, 'Real', 3000, 0]	771	202	1598	429	0.6010968685150146	0.7923946557040082	0.6425	0.7096180395766222	3000
['EncodeReal', 'MCS', 0.4, 'Real', 3000, 1]	740	218	1582	460	0.5902669429779053	0.7724425887265136	0.6166666666666667	0.6858202038924931	3000
['EncodeReal', 'RkDN', 0.5, 'Real', 3000, 0]	663	358	1142	837	0.053885698318481445	0.6493633692458374	0.442	0.525981753272511	3000
['EncodeReal', 'RkDN', 0.5, 'Real', 3000, 1]	626	346	1154	874	0.04982399940490723	0.6440329218106996	0.41733333333333333	0.5064724919093851	3000
['EncodeReal', 'PD', 0.1, 'Real', 5000, 0]	351	722	3778	149	0.015316009521484375	0.3271202236719478	0.702	0.44628099173553715	5000
['EncodeReal', 'PD', 0.1, 'Real', 5000, 1]	356	712	3788	144	0.014188528060913086	0.3333333333333333	0.712	0.45408163265306123	5000
['EncodeReal', 'MCS', 0.5, 'Real', 5000, 0]	1348	369	2131	1152	1.1824820041656494	0.7850902737332557	0.5392	0.6393170500355704	5000
['EncodeReal', 'MCS', 0.5, 'Real', 5000, 1]	1265	470	2030	1235	1.1487715244293213	0.729106628242075	0.506	0.5974025974025975	5000
['EncodeReal', 'KDN', 0.2, 'Real', 5000, 0]	648	833	3167	352	0.029850482940673828	0.437542201215395	0.648	0.5223700120918985	5000
['EncodeReal', 'KDN', 0.2, 'Real', 5000, 1]	632	801	3199	368	0.028896331787109375	0.44103279832519193	0.632	0.5195232223592273	5000
['EncodeReal', 'PD', 0.7, 'Real', 10000, 0]	2607	1006	1994	4393	0.021052837371826172	0.7215610296152781	0.37242857142857144	0.49128427400358055	10000
['EncodeReal', 'PD', 0.7, 'Real', 10000, 1]	2632	986	2014	4368	0.02106189727783203	0.7274737423991156	0.376	0.49576191373139944	10000
['EncodeReal', 'KDN', 0.4, 'Real', 5000, 0]	1115	740	2260	885	0.029887914657592773	0.601078167115903	0.5575	0.5784695201037614	5000
['EncodeReal', 'KDN', 0.4, 'Real', 5000, 1]	1190	709	2291	810	0.029512643814086914	0.6266456029489205	0.595	0.6104129263913824	5000
['EncodeReal', 'MCS', 0.6, 'Real', 5000, 0]	1544	439	1561	1456	0.6519677639007568	0.7786182551689359	0.5146666666666667	0.6197070038129642	5000
['EncodeReal', 'MCS', 0.6, 'Real', 5000, 1]	1543	433	1567	1457	0.6320478916168213	0.7808704453441295	0.5143333333333333	0.620176848874598	5000
['EncodeReal', 'MCS', 0.6, 'Real', 10000, 0]	2668	1229	2771	3332	1.0191802978515625	0.6846292019502181	0.44466666666666665	0.5391532787713449	10000
['EncodeReal', 'MCS', 0.6, 'Real', 10000, 1]	2960	950	3050	3040	1.091689109802246	0.7570332480818415	0.49333333333333335	0.5973763874873865	10000
['EncodeReal', 'MCS', 0.2, 'Real', 10000, 0]	1427	928	7072	573	1.2409241199493408	0.6059447983014862	0.7135	0.6553386911595868	10000
['EncodeReal', 'MCS', 0.2, 'Real', 10000, 1]	1360	956	7044	640	1.389723777770996	0.5872193436960277	0.68	0.6302131603336423	10000
['EncodeReal', 'RkDN', 0.5, 'Real', 10000, 0]	2141	1121	3879	2859	0.4358830451965332	0.6563458001226241	0.4282	0.5182764463810215	10000
['EncodeReal', 'RkDN', 0.5, 'Real', 10000, 1]	2154	1118	3882	2846	0.4386470317840576	0.6583129584352079	0.4308	0.5207930367504836	10000
['EncodeReal', 'MCS', 0.7, 'Real', 3000, 0]	962	254	646	1138	0.5722103118896484	0.7911184210526315	0.4580952380952381	0.58021712907117	3000
['EncodeReal', 'MCS', 0.7, 'Real', 3000, 1]	982	245	655	1118	0.5884590148925781	0.8003259983700082	0.4676190476190476	0.5903216110610159	3000
['EncodeReal', 'MCS', 0.2, 'Real', 5000, 0]	703	487	3513	297	0.7649829387664795	0.5907563025210084	0.703	0.6420091324200914	5000
['EncodeReal', 'MCS', 0.2, 'Real', 5000, 1]	730	508	3492	270	0.8221445083618164	0.5896607431340872	0.73	0.6523681858802503	5000
['EncodeReal', 'RkDN', 0.5, 'Real', 5000, 0]	1068	569	1931	1432	0.13872742652893066	0.6524129505192425	0.4272	0.5163161711385063	5000
['EncodeReal', 'RkDN', 0.5, 'Real', 5000, 1]	1111	589	1911	1389	0.1365213394165039	0.6535294117647059	0.4444	0.5290476190476191	5000
['EncodeReal', 'PD', 0.1, 'Real', 10000, 0]	704	1338	7662	296	0.021325111389160156	0.34476003917727716	0.704	0.462853385930309	10000
['EncodeReal', 'PD', 0.1, 'Real', 10000, 1]	728	1402	7598	272	0.021985769271850586	0.34178403755868547	0.728	0.4651757188498403	10000
['EncodeReal', 'MCS', 0.1, 'Real', 5000, 0]	346	578	3922	154	0.801342248916626	0.37445887445887444	0.692	0.4859550561797753	5000
['EncodeReal', 'MCS', 0.1, 'Real', 5000, 1]	341	577	3923	159	0.8404278755187988	0.37145969498910675	0.682	0.4809590973201692	5000
['EncodeReal', 'RkDN', 0.05, 'Real', 10000, 0]	324	1571	7929	176	0.43508172035217285	0.17097625329815302	0.648	0.27056367432150313	10000
['EncodeReal', 'RkDN', 0.05, 'Real', 10000, 1]	311	1531	7969	189	0.432997465133667	0.16883821932681867	0.622	0.2655849701110162	10000
['EncodeReal', 'KDN', 0.2, 'Real', 10000, 0]	1265	1697	6303	735	0.06401658058166504	0.42707629979743417	0.6325	0.5098750503829101	10000
['EncodeReal', 'KDN', 0.2, 'Real', 10000, 1]	1268	1597	6403	732	0.061995744705200195	0.44258289703315884	0.634	0.5212744090441932	10000
['EncodeReal', 'IH', 0.4, 'Real', 10000, 0]	2451	854	5146	1549	0.6434400081634521	0.7416036308623298	0.61275	0.6710472279260781	10000
['EncodeReal', 'IH', 0.4, 'Real', 10000, 1]	2488	833	5167	1512	0.6391327381134033	0.7491719361638061	0.622	0.6796885671356373	10000
['EncodeReal', 'MCS', 0.7, 'Real', 10000, 0]	3269	835	2165	3731	0.9411120414733887	0.7965399610136452	0.467	0.5887968299711815	10000
['EncodeReal', 'MCS', 0.7, 'Real', 10000, 1]	3219	818	2182	3781	1.0561866760253906	0.7973742878375031	0.45985714285714285	0.5833106822506116	10000
['EncodeReal', 'MCS', 0.5, 'Real', 3000, 0]	901	211	1289	599	0.6091799736022949	0.810251798561151	0.6006666666666667	0.6898928024502297	3000
['EncodeReal', 'MCS', 0.5, 'Real', 3000, 1]	804	210	1290	696	0.6237409114837646	0.7928994082840237	0.536	0.6396181384248211	3000
['EncodeReal', 'MCS', 0.3, 'Real', 3000, 0]	588	226	1874	312	0.601311445236206	0.7223587223587223	0.6533333333333333	0.6861143523920653	3000
['EncodeReal', 'MCS', 0.3, 'Real', 3000, 1]	628	229	1871	272	0.5933756828308105	0.7327887981330222	0.6977777777777778	0.7148548662492886	3000
['EncodeReal', 'MCS', 0.5, 'Real', 10000, 0]	3046	551	4449	1954	1.1815905570983887	0.8468167917709202	0.6092	0.7086192857973712	10000
['EncodeReal', 'MCS', 0.5, 'Real', 10000, 1]	2647	747	4253	2353	1.2173988819122314	0.7799057159693576	0.5294	0.6306885870860137	10000
