['Encode', 'KDN', 0.7, 'Real', 5000, 0]	1813	211	1289	1687	0.03647613525390625	0.8957509881422925	0.518	0.6564083997103548	5000
['Encode', 'MCS', 0.7, 'Real', 5000, 0]	1585	47	1453	1915	1.0503849983215332	0.9712009803921569	0.45285714285714285	0.617692907248636	5000
['Encode', 'KDN', 0.7, 'Real', 300, 0]	101	10	80	109	0.01658010482788086	0.9099099099099099	0.48095238095238096	0.6292834890965732	300
['Encode', 'KDN', 0.6, 'Real', 10000, 0]	3152	445	3555	2848	0.0687265396118164	0.8762857937169863	0.5253333333333333	0.6568719391476502	10000
['Encode', 'KDN', 0.7, 'Real', 100, 0]	31	4	26	39	0.014606714248657227	0.8857142857142857	0.44285714285714284	0.5904761904761905	100
['Encode', 'KDN', 0.6, 'Real', 5000, 0]	1505	215	1785	1495	0.038149118423461914	0.875	0.5016666666666667	0.6377118644067796	5000
['Encode', 'MCS', 0.7, 'Real', 1000, 0]	327	8	292	373	0.6397452354431152	0.9761194029850746	0.46714285714285714	0.6318840579710144	1000
['Encode', 'KDN', 0.7, 'Real', 500, 0]	202	19	131	148	0.018977642059326172	0.9140271493212669	0.5771428571428572	0.7075306479859894	500
['Encode', 'KDN', 0.6, 'Real', 3000, 0]	925	142	1058	875	0.0268399715423584	0.8669165885660731	0.5138888888888888	0.6452738053714684	3000
['Encode', 'KDN', 0.7, 'Real', 1000, 0]	362	33	267	338	0.023668527603149414	0.9164556962025316	0.5171428571428571	0.6611872146118721	1000
['Encode', 'MCS', 0.7, 'Real', 300, 0]	97	2	88	113	0.6470024585723877	0.9797979797979798	0.46190476190476193	0.627831715210356	300
['Encode', 'RkDN', 0.7, 'Real', 1000, 0]	327	37	263	373	0.02811288833618164	0.8983516483516484	0.46714285714285714	0.6146616541353382	1000
['Encode', 'RkDN', 0.7, 'Real', 500, 0]	159	21	129	191	0.0195767879486084	0.8833333333333333	0.4542857142857143	0.6000000000000001	500
['Encode', 'MCS', 0.7, 'Real', 500, 0]	161	3	147	189	0.4258437156677246	0.9817073170731707	0.46	0.6264591439688716	500
['Encode', 'RkDN', 0.7, 'Real', 300, 0]	84	8	82	126	0.01790022850036621	0.9130434782608695	0.4	0.5562913907284769	300
['Encode', 'RkDN', 0.6, 'Real', 5000, 0]	1256	162	1838	1744	0.17617177963256836	0.8857545839210155	0.4186666666666667	0.5685830692621094	5000
['Encode', 'RkDN', 0.6, 'Real', 10000, 0]	2645	351	3649	3355	0.5034403800964355	0.8828437917222964	0.44083333333333335	0.5880391285015563	10000
['Encode', 'RkDN', 0.7, 'Real', 100, 0]	32	2	28	38	0.014763832092285156	0.9411764705882353	0.45714285714285713	0.6153846153846154	100
['Encode', 'MCS', 0.7, 'Real', 10000, 0]	3194	95	2905	3806	1.592400312423706	0.971115840681058	0.4562857142857143	0.6208572261638643	10000
['Encode', 'MCS', 0.6, 'Real', 10000, 0]	2841	88	3912	3159	1.7344441413879395	0.9699556162512804	0.4735	0.6363534550341583	10000
['Encode', 'MCS', 0.7, 'Real', 100, 0]	26	1	29	44	2.7538740634918213	0.9629629629629629	0.37142857142857144	0.5360824742268041	100
['Encode', 'RFD', 0.7, 'Real', 500, 0]	83	39	111	267	0.25099825859069824	0.680327868852459	0.23714285714285716	0.3516949152542373	500
['Encode', 'RFD', 0.7, 'Real', 300, 0]	54	20	70	156	0.21680760383605957	0.7297297297297297	0.2571428571428571	0.380281690140845	300
['Encode', 'RFD', 0.7, 'Real', 1000, 0]	123	73	227	577	0.3206322193145752	0.6275510204081632	0.1757142857142857	0.2745535714285714	1000
['Encode', 'KDN', 0.7, 'Real', 10000, 0]	3453	395	2605	3547	0.06839442253112793	0.8973492723492723	0.49328571428571427	0.6366150442477876	10000
['Encode', 'RFD', 0.6, 'Real', 5000, 0]	378	412	1588	2622	0.7016561031341553	0.47848101265822784	0.126	0.19947229551451187	5000
['Encode', 'RFD', 0.7, 'Real', 100, 0]	21	5	25	49	0.20932936668395996	0.8076923076923077	0.3	0.4375	100
['Encode', 'RFD', 0.6, 'Real', 10000, 0]	692	826	3174	5308	1.360447645187378	0.45586297760210803	0.11533333333333333	0.18409151370045226	10000
['Encode', 'RkDN', 0.6, 'Real', 3000, 0]	805	110	1090	995	0.1588740348815918	0.8797814207650273	0.44722222222222224	0.5930018416206261	3000
['Encode', 'RFD', 0.6, 'Real', 3000, 0]	286	259	941	1514	0.4813864231109619	0.5247706422018349	0.15888888888888889	0.2439232409381663	3000
['Encode', 'MCS', 0.6, 'Real', 3000, 0]	852	36	1164	948	4.293137788772583	0.9594594594594594	0.47333333333333333	0.6339285714285714	3000
['Encode', 'KDN', 0.7, 'Real', 3000, 0]	1058	138	762	1042	0.027545928955078125	0.8846153846153846	0.5038095238095238	0.6419902912621359	3000
['Encode', 'MCS', 0.6, 'Real', 5000, 0]	1418	44	1956	1582	5.989054441452026	0.9699042407660738	0.4726666666666667	0.6355894217839534	5000
['Encode', 'MCS', 0.7, 'Real', 3000, 0]	970	38	862	1130	4.623305320739746	0.9623015873015873	0.46190476190476193	0.6241956241956242	3000
['Encode', 'KDN', 0.1, 'Real', 1000, 0]	42	18	882	58	0.061095476150512695	0.7	0.42	0.525	1000
['Encode', 'MCS', 0.3, 'Real', 3000, 0]	417	41	2059	483	0.7909483909606934	0.9104803493449781	0.4633333333333333	0.614138438880707	3000
['Encode', 'IH', 0.5, 'Real', 3000, 0]	533	99	1401	967	0.30327630043029785	0.8433544303797469	0.35533333333333333	0.5	3000
['Encode', 'IH', 0.1, 'Real', 3000, 0]	153	61	2639	147	0.3079488277435303	0.7149532710280374	0.51	0.5953307392996109	3000
['Encode', 'FKDN', 0.5, 'Real', 3000, 0]	206	182	1318	1294	0.9177656173706055	0.5309278350515464	0.13733333333333334	0.21822033898305085	3000
['Encode', 'RkDN', 0.5, 'Real', 3000, 0]	665	102	1398	835	0.07388448715209961	0.8670143415906127	0.44333333333333336	0.5866784296426996	3000
['Encode', 'IH', 0.05, 'Real', 3000, 0]	59	67	2783	91	0.27841782569885254	0.46825396825396826	0.3933333333333333	0.4275362318840579	3000
['Encode', 'MCS', 0.5, 'Real', 3000, 0]	692	39	1461	808	0.9314637184143066	0.9466484268125855	0.4613333333333333	0.6203496190049306	3000
['Encode', 'MCS', 0.1, 'Real', 3000, 0]	156	50	2650	144	1.0025086402893066	0.7572815533980582	0.52	0.616600790513834	3000
['Encode', 'RFD', 0.3, 'Real', 100, 0]	14	3	67	16	0.20363640785217285	0.8235294117647058	0.4666666666666667	0.5957446808510638	100
['Encode', 'MCS', 0.1, 'Real', 5000, 0]	220	79	4421	280	1.0829603672027588	0.7357859531772575	0.44	0.5506883604505632	5000
['Encode', 'RkDN', 0.5, 'Real', 5000, 0]	1084	174	2326	1416	0.16685199737548828	0.8616852146263911	0.4336	0.5769026077700905	5000
['Encode', 'IH', 0.1, 'Real', 5000, 0]	249	142	4358	251	0.41643404960632324	0.6368286445012787	0.498	0.5589225589225588	5000
['Encode', 'MCS', 0.5, 'Real', 5000, 0]	1206	52	2448	1294	1.0420324802398682	0.958664546899841	0.4824	0.641830761043108	5000
['Encode', 'PD', 0.2, 'Real', 1000, 0]	97	12	788	103	0.02461838722229004	0.8899082568807339	0.485	0.627831715210356	1000
['Encode', 'RFD', 0.2, 'Real', 1000, 0]	92	46	754	108	0.26754093170166016	0.6666666666666666	0.46	0.544378698224852	1000
['Encode', 'PD', 0.2, 'Real', 10000, 0]	947	153	7847	1053	0.029976606369018555	0.860909090909091	0.4735	0.6109677419354839	10000
['Encode', 'PD', 0.6, 'Real', 1000, 0]	285	8	392	315	0.0261075496673584	0.9726962457337884	0.475	0.6382978723404255	1000
['Encode', 'IH', 0.5, 'Real', 5000, 0]	905	214	2286	1595	0.40654993057250977	0.80875781948168	0.362	0.5001381597126279	5000
['Encode', 'FKDN', 0.5, 'Real', 5000, 0]	333	340	2160	2167	2.0724785327911377	0.4947994056463596	0.1332	0.20989599747872675	5000
['Encode', 'KDN', 0.1, 'Real', 10000, 0]	494	222	8778	506	0.08138728141784668	0.6899441340782123	0.494	0.5757575757575757	10000
['Encode', 'PD', 0.6, 'Real', 500, 0]	144	7	193	156	0.019778013229370117	0.9536423841059603	0.48	0.6385809312638581	500
['Encode', 'PD', 0.2, 'Real', 500, 0]	44	10	390	56	0.019504070281982422	0.8148148148148148	0.44	0.5714285714285714	500
['Encode', 'RkDN', 0.1, 'Real', 1000, 0]	37	20	880	63	0.030388355255126953	0.6491228070175439	0.37	0.47133757961783446	1000
['Encode', 'IH', 0.4, 'Real', 3000, 0]	483	128	1672	717	0.3147904872894287	0.79050736497545	0.4025	0.5334069574820541	3000
['Encode', 'IH', 0.6, 'Real', 10000, 0]	1894	393	3607	4106	0.6573150157928467	0.8281591604722344	0.31566666666666665	0.45710148425244357	10000
['Encode', 'RkDN', 0.5, 'Real', 10000, 0]	2212	334	4666	2788	0.514472246170044	0.8688138256087982	0.4424	0.5862708719851578	10000
['Encode', 'MCS', 0.5, 'Real', 10000, 0]	2375	113	4887	2625	1.8229591846466064	0.9545819935691319	0.475	0.6343482905982906	10000
['Encode', 'IH', 0.1, 'Real', 10000, 0]	466	261	8739	534	0.7264969348907471	0.640990371389271	0.466	0.5396641574985523	10000
['Encode', 'MCS', 0.1, 'Real', 10000, 0]	480	159	8841	520	1.8576033115386963	0.7511737089201878	0.48	0.5857230018303844	10000
['Encode', 'RFD', 0.2, 'Real', 300, 0]	22	19	221	38	0.21110939979553223	0.5365853658536586	0.36666666666666664	0.4356435643564356	300
['Encode', 'IH', 0.5, 'Real', 10000, 0]	1762	364	4636	3238	0.7254617214202881	0.8287864534336783	0.3524	0.4945270839180467	10000
['Encode', 'FKDN', 0.6, 'Real', 10000, 0]	614	705	3295	5386	7.703409910202026	0.4655041698256255	0.10233333333333333	0.16778248394589423	10000
['Encode', 'PD', 0.6, 'Real', 300, 0]	39	48	72	141	0.019805431365966797	0.4482758620689655	0.21666666666666667	0.2921348314606742	300
['Encode', 'PD', 0.2, 'Real', 300, 0]	34	10	230	26	0.018336772918701172	0.7727272727272727	0.5666666666666667	0.6538461538461539	300
['Encode', 'RFD', 0.2, 'Real', 10000, 0]	684	526	7474	1316	1.0584557056427002	0.5652892561983471	0.342	0.4261682242990654	10000
['Encode', 'PD', 0.6, 'Real', 100, 0]	20	2	38	40	0.01679205894470215	0.9090909090909091	0.3333333333333333	0.4878048780487804	100
['Encode', 'IH', 0.2, 'Real', 10000, 0]	926	313	7687	1074	0.6397130489349365	0.7473769168684423	0.463	0.5717814140166718	10000
['Encode', 'FKDN', 0.5, 'Real', 10000, 0]	641	882	4118	4359	7.74591064453125	0.4208798424162837	0.1282	0.19653533650160968	10000
['Encode', 'RFD', 0.2, 'Real', 500, 0]	39	27	373	61	1.2170171737670898	0.5909090909090909	0.39	0.46987951807228917	500
['Encode', 'PD', 0.2, 'Real', 100, 0]	12	1	79	8	0.014015436172485352	0.9230769230769231	0.6	0.7272727272727274	100
['Encode', 'IH', 0.4, 'Real', 5000, 0]	790	175	2825	1210	0.3941314220428467	0.8186528497409327	0.395	0.5328836424957841	5000
['Encode', 'MCS', 0.2, 'Real', 100, 0]	6	2	78	14	0.30922698974609375	0.75	0.3	0.4285714285714285	100
['Encode', 'RFD', 0.2, 'Real', 100, 0]	10	3	77	10	0.20921015739440918	0.7692307692307693	0.5	0.6060606060606061	100
['Encode', 'RkDN', 0.6, 'Real', 100, 0]	27	3	37	33	0.015306234359741211	0.9	0.45	0.6	100
['Encode', 'IH', 0.2, 'Real', 100, 0]	9	7	73	11	0.17811822891235352	0.5625	0.45	0.5	100
['Encode', 'FKDN', 0.6, 'Real', 100, 0]	10	0	40	50	0.17269253730773926	1.0	0.16666666666666666	0.2857142857142857	100
['Encode', 'PD', 0.1, 'Real', 10000, 0]	479	177	8823	521	0.029319047927856445	0.7301829268292683	0.479	0.5785024154589372	10000
['Encode', 'IH', 0.6, 'Real', 100, 0]	30	3	37	30	0.13734674453735352	0.9090909090909091	0.5	0.6451612903225806	100
['Encode', 'MCS', 0.6, 'Real', 100, 0]	18	2	38	42	0.6254289150238037	0.9	0.3	0.45000000000000007	100
['Encode', 'RFD', 0.1, 'Real', 10000, 0]	474	292	8708	526	0.9874303340911865	0.618798955613577	0.474	0.5368063420158551	10000
['Encode', 'MCS', 0.3, 'Real', 1000, 0]	144	19	681	156	0.7489919662475586	0.8834355828220859	0.48	0.6220302375809935	1000
['Encode', 'MCS', 0.2, 'Real', 10000, 0]	971	136	7864	1029	1.6928691864013672	0.8771454381210478	0.4855	0.6250402317347924	10000
['Encode', 'RkDN', 0.6, 'Real', 300, 0]	82	11	109	98	0.01759052276611328	0.8817204301075269	0.45555555555555555	0.6007326007326007	300
['Encode', 'PD', 0.1, 'Real', 5000, 0]	241	70	4430	259	0.021990060806274414	0.77491961414791	0.482	0.594327990135635	5000
['Encode', 'PD', 0.5, 'Real', 5000, 0]	1198	45	2455	1302	0.025378704071044922	0.9637972646822205	0.4792	0.6401282393801764	5000
['Encode', 'MCS', 0.2, 'Real', 300, 0]	29	5	235	31	0.5359053611755371	0.8529411764705882	0.48333333333333334	0.6170212765957447	300
['Encode', 'RFD', 0.1, 'Real', 5000, 0]	230	132	4368	270	0.5580146312713623	0.6353591160220995	0.46	0.5336426914153133	5000
['Encode', 'MCS', 0.6, 'Real', 300, 0]	86	4	116	94	0.4385192394256592	0.9555555555555556	0.4777777777777778	0.6370370370370371	300
['Encode', 'IH', 0.2, 'Real', 300, 0]	25	10	230	35	0.17726945877075195	0.7142857142857143	0.4166666666666667	0.5263157894736842	300
['Encode', 'IH', 0.6, 'Real', 300, 0]	69	8	112	111	0.1682755947113037	0.8961038961038961	0.38333333333333336	0.5369649805447472	300
['Encode', 'FKDN', 0.6, 'Real', 300, 0]	15	16	104	165	0.20026874542236328	0.4838709677419355	0.08333333333333333	0.14218009478672985	300
['Encode', 'PD', 0.5, 'Real', 3000, 0]	750	28	1472	750	0.017418861389160156	0.9640102827763496	0.5	0.6584723441615452	3000
['Encode', 'RkDN', 0.1, 'Real', 500, 0]	31	22	428	19	0.019385337829589844	0.5849056603773585	0.62	0.6019417475728155	500
['Encode', 'RFD', 0.1, 'Real', 3000, 0]	160	104	2596	140	0.4198112487792969	0.6060606060606061	0.5333333333333333	0.5673758865248227	3000
['Encode', 'PD', 0.1, 'Real', 3000, 0]	147	41	2659	153	0.020467519760131836	0.7819148936170213	0.49	0.6024590163934427	3000
['Encode', 'PD', 0.5, 'Real', 10000, 0]	2412	78	4922	2588	0.1744844913482666	0.9686746987951808	0.4824	0.6440587449933244	10000
['Encode', 'FKDN', 0.2, 'Real', 10000, 0]	593	381	7619	1407	38.30630087852478	0.608829568788501	0.2965	0.3987895090786819	10000
['Encode', 'RkDN', 0.6, 'Real', 500, 0]	119	25	175	181	0.02064371109008789	0.8263888888888888	0.39666666666666667	0.536036036036036	500
['Encode', 'MCS', 0.2, 'Real', 500, 0]	46	8	392	54	0.6672110557556152	0.8518518518518519	0.46	0.5974025974025975	500
['Encode', 'MCS', 0.6, 'Real', 500, 0]	131	5	195	169	0.5974206924438477	0.9632352941176471	0.43666666666666665	0.6009174311926605	500
['Encode', 'IH', 0.2, 'Real', 500, 0]	47	14	386	53	0.1655416488647461	0.7704918032786885	0.47	0.5838509316770186	500
['Encode', 'IH', 0.6, 'Real', 500, 0]	124	16	184	176	0.16802167892456055	0.8857142857142857	0.41333333333333333	0.5636363636363636	500
['Encode', 'FKDN', 0.6, 'Real', 500, 0]	38	22	178	262	0.22494983673095703	0.6333333333333333	0.12666666666666668	0.2111111111111111	500
['Encode', 'MCS', 0.2, 'Real', 1000, 0]	95	13	787	105	0.5125057697296143	0.8796296296296297	0.475	0.6168831168831169	1000
['Encode', 'IH', 0.2, 'Real', 1000, 0]	92	38	762	108	0.2125692367553711	0.7076923076923077	0.46	0.5575757575757575	1000
['Encode', 'RkDN', 0.6, 'Real', 1000, 0]	243	36	364	357	0.02912163734436035	0.8709677419354839	0.405	0.5529010238907851	1000
['Encode', 'RFD', 0.4, 'Real', 500, 0]	69	37	263	131	0.25514864921569824	0.6509433962264151	0.345	0.4509803921568627	500
['Encode', 'MCS', 0.6, 'Real', 1000, 0]	272	7	393	328	0.7206981182098389	0.974910394265233	0.4533333333333333	0.6188850967007964	1000
['Encode', 'IH', 0.6, 'Real', 1000, 0]	214	36	364	386	0.20351147651672363	0.856	0.3566666666666667	0.5035294117647059	1000
['Encode', 'FKDN', 0.6, 'Real', 1000, 0]	66	50	350	534	0.29817891120910645	0.5689655172413793	0.11	0.18435754189944134	1000
['Encode', 'MCS', 0.3, 'Real', 500, 0]	63	6	344	87	0.6344008445739746	0.9130434782608695	0.42	0.5753424657534246	500
['Encode', 'KDN', 0.5, 'Real', 3000, 0]	748	124	1376	752	0.028058290481567383	0.8577981651376146	0.49866666666666665	0.6306913996627318	3000
['Encode', 'RFD', 0.5, 'Real', 3000, 0]	307	224	1276	1193	0.45478010177612305	0.5781544256120528	0.20466666666666666	0.30231413096996557	3000
['Encode', 'RkDN', 0.1, 'Real', 3000, 0]	168	78	2622	132	0.07532501220703125	0.6829268292682927	0.56	0.6153846153846154	3000
['Encode', 'FKDN', 0.1, 'Real', 3000, 0]	126	49	2651	174	0.8603672981262207	0.72	0.42	0.5305263157894737	3000
['Encode', 'RkDN', 0.1, 'Real', 300, 0]	15	9	261	15	0.01746368408203125	0.625	0.5	0.5555555555555556	300
['Encode', 'IH', 0.4, 'Real', 10000, 0]	1526	334	5666	2474	0.7112290859222412	0.8204301075268817	0.3815	0.5208191126279863	10000
['Encode', 'RkDN', 0.1, 'Real', 5000, 0]	242	129	4371	258	0.17248058319091797	0.6522911051212938	0.484	0.555683122847302	5000
['Encode', 'KDN', 0.5, 'Real', 5000, 0]	1255	202	2298	1245	0.04066348075866699	0.8613589567604667	0.502	0.6343189284811726	5000
['Encode', 'RFD', 0.5, 'Real', 5000, 0]	426	433	2067	2074	0.7216458320617676	0.4959254947613504	0.1704	0.25364691872581124	5000
['Encode', 'FKDN', 0.1, 'Real', 5000, 0]	199	87	4413	301	1.998927116394043	0.6958041958041958	0.398	0.5063613231552163	5000
['Encode', 'FKDN', 0.6, 'Real', 5000, 0]	276	355	1645	2724	2.0881948471069336	0.43740095087163233	0.092	0.15202423574772791	5000
['Encode', 'RFD', 0.2, 'Real', 5000, 0]	407	291	3709	593	0.6050710678100586	0.5830945558739254	0.407	0.47938751472320373	5000
['Encode', 'KDN', 0.1, 'Real', 5000, 0]	270	131	4369	230	0.04338192939758301	0.6733167082294265	0.54	0.5993340732519423	5000
['Encode', 'MCS', 0.3, 'Real', 300, 0]	34	8	202	56	0.33424949645996094	0.8095238095238095	0.37777777777777777	0.5151515151515151	300
['Encode', 'RkDN', 0.1, 'Real', 10000, 0]	458	252	8748	542	0.5145852565765381	0.6450704225352113	0.458	0.5356725146198831	10000
['Encode', 'KDN', 0.5, 'Real', 10000, 0]	2481	441	4559	2519	0.07574868202209473	0.8490759753593429	0.4962	0.6263569805604645	10000
['Encode', 'MCS', 0.2, 'Real', 5000, 0]	504	76	3924	496	1.4242274761199951	0.8689655172413793	0.504	0.6379746835443038	5000
['Encode', 'RFD', 0.5, 'Real', 10000, 0]	860	930	4070	4140	1.3291747570037842	0.48044692737430167	0.172	0.2533136966126657	10000
['Encode', 'IH', 0.6, 'Real', 5000, 0]	892	223	1777	2108	0.4428739547729492	0.8	0.29733333333333334	0.43353584447144594	5000
['Encode', 'KDN', 0.6, 'Real', 100, 0]	24	3	37	36	0.014412164688110352	0.8888888888888888	0.4	0.5517241379310346	100
['Encode', 'RkDN', 0.2, 'Real', 100, 0]	14	9	71	6	0.015100479125976562	0.6086956521739131	0.7	0.6511627906976744	100
['Encode', 'RFD', 0.6, 'Real', 100, 0]	17	9	31	43	0.20972180366516113	0.6538461538461539	0.2833333333333333	0.39534883720930236	100
['Encode', 'FKDN', 0.1, 'Real', 10000, 0]	411	175	8825	589	6.893306732177734	0.7013651877133106	0.411	0.5182849936948298	10000
['Encode', 'FKDN', 0.2, 'Real', 100, 0]	3	1	79	17	0.16738533973693848	0.75	0.15	0.24999999999999997	100
['Encode', 'RkDN', 0.2, 'Real', 300, 0]	25	13	227	35	0.016265153884887695	0.6578947368421053	0.4166666666666667	0.5102040816326531	300
['Encode', 'RFD', 0.6, 'Real', 300, 0]	43	17	103	137	0.23028063774108887	0.7166666666666667	0.2388888888888889	0.35833333333333334	300
['Encode', 'KDN', 0.6, 'Real', 300, 0]	91	15	105	89	0.016839265823364258	0.8584905660377359	0.5055555555555555	0.6363636363636364	300
['Encode', 'FKDN', 0.2, 'Real', 300, 0]	19	5	235	41	0.17842483520507812	0.7916666666666666	0.31666666666666665	0.45238095238095233	300
['Encode', 'IH', 0.2, 'Real', 5000, 0]	474	158	3842	526	0.4230647087097168	0.75	0.474	0.5808823529411764	5000
['Encode', 'FKDN', 0.2, 'Real', 5000, 0]	287	145	3855	713	1.9711744785308838	0.6643518518518519	0.287	0.40083798882681565	5000
['Encode', 'RkDN', 0.2, 'Real', 500, 0]	42	19	381	58	0.021659135818481445	0.6885245901639344	0.42	0.5217391304347826	500
['Encode', 'RFD', 0.6, 'Real', 500, 0]	89	52	148	211	0.22750592231750488	0.6312056737588653	0.2966666666666667	0.4036281179138322	500
['Encode', 'KDN', 0.6, 'Real', 500, 0]	140	21	179	160	0.01963639259338379	0.8695652173913043	0.4666666666666667	0.6073752711496746	500
['Encode', 'FKDN', 0.2, 'Real', 500, 0]	35	6	394	65	0.2108757495880127	0.8536585365853658	0.35	0.49645390070921985	500
['Encode', 'PD', 0.2, 'Real', 5000, 0]	479	71	3929	521	0.022162914276123047	0.8709090909090909	0.479	0.6180645161290322	5000
['Encode', 'IH', 0.5, 'Real', 100, 0]	23	4	46	27	0.14820647239685059	0.8518518518518519	0.46	0.5974025974025975	100
['Encode', 'MCS', 0.3, 'Real', 100, 0]	10	3	67	20	0.40114450454711914	0.7692307692307693	0.3333333333333333	0.4651162790697674	100
['Encode', 'RkDN', 0.05, 'Real', 10000, 0]	226	225	9275	274	0.506483793258667	0.5011086474501109	0.452	0.4752891692954784	10000
['Encode', 'KDN', 0.6, 'Real', 1000, 0]	324	47	353	276	0.024696826934814453	0.8733153638814016	0.54	0.6673532440782698	1000
['Encode', 'RFD', 0.6, 'Real', 1000, 0]	135	97	303	465	0.3013734817504883	0.5818965517241379	0.225	0.3245192307692308	1000
['Encode', 'RFD', 0.4, 'Real', 1000, 0]	127	83	517	273	0.2906455993652344	0.6047619047619047	0.3175	0.4163934426229508	1000
['Encode', 'RFD', 0.1, 'Real', 1000, 0]	56	29	871	44	0.2707808017730713	0.6588235294117647	0.56	0.6054054054054056	1000
['Encode', 'IH', 0.7, 'Real', 100, 0]	30	2	28	40	0.13434219360351562	0.9375	0.42857142857142855	0.588235294117647	100
['Encode', 'RkDN', 0.2, 'Real', 1000, 0]	94	32	768	106	0.020873069763183594	0.746031746031746	0.47	0.5766871165644172	1000
['Encode', 'FKDN', 0.2, 'Real', 1000, 0]	53	19	781	147	0.20672011375427246	0.7361111111111112	0.265	0.3897058823529411	1000
['Encode', 'KDN', 0.2, 'Real', 100, 0]	13	12	68	7	0.014553070068359375	0.52	0.65	0.5777777777777778	100
['Encode', 'FKDN', 0.7, 'Real', 100, 0]	6	6	24	64	0.1735091209411621	0.5	0.08571428571428572	0.14634146341463414	100
['Encode', 'PD', 0.3, 'Real', 100, 0]	13	4	66	17	0.011345863342285156	0.7647058823529411	0.43333333333333335	0.5531914893617021	100
['Encode', 'RkDN', 0.4, 'Real', 1000, 0]	189	38	562	211	0.028136491775512695	0.8325991189427313	0.4725	0.6028708133971292	1000
['Encode', 'IH', 0.3, 'Real', 100, 0]	19	2	68	11	0.1655592918395996	0.9047619047619048	0.6333333333333333	0.7450980392156863	100
['Encode', 'FKDN', 0.3, 'Real', 100, 0]	9	2	68	21	0.18022966384887695	0.8181818181818182	0.3	0.43902439024390244	100
['Encode', 'IH', 0.5, 'Real', 300, 0]	75	12	138	75	0.16424322128295898	0.8620689655172413	0.5	0.6329113924050632	300
['Encode', 'RkDN', 0.05, 'Real', 5000, 0]	124	152	4598	126	0.17125248908996582	0.4492753623188406	0.496	0.4714828897338403	5000
['Encode', 'RFD', 0.1, 'Real', 500, 0]	21	18	432	29	0.4140911102294922	0.5384615384615384	0.42	0.4719101123595505	500
['Encode', 'KDN', 0.05, 'Real', 1000, 0]	24	18	932	26	0.025355100631713867	0.5714285714285714	0.48	0.5217391304347826	1000
['Encode', 'KDN', 0.2, 'Real', 300, 0]	24	6	234	36	0.016443490982055664	0.8	0.4	0.5333333333333333	300
['Encode', 'PD', 0.3, 'Real', 300, 0]	37	2	208	53	0.018136978149414062	0.9487179487179487	0.4111111111111111	0.5736434108527131	300
['Encode', 'RkDN', 0.4, 'Real', 500, 0]	96	17	283	104	0.12200593948364258	0.8495575221238938	0.48	0.6134185303514377	500
['Encode', 'IH', 0.3, 'Real', 300, 0]	36	9	201	54	0.11483645439147949	0.8	0.4	0.5333333333333333	300
['Encode', 'IH', 0.5, 'Real', 500, 0]	103	10	240	147	0.17220664024353027	0.911504424778761	0.412	0.5674931129476584	500
['Encode', 'FKDN', 0.7, 'Real', 300, 0]	18	12	78	192	0.20572781562805176	0.6	0.08571428571428572	0.15	300
['Encode', 'RFD', 0.3, 'Real', 300, 0]	41	23	187	49	0.21411395072937012	0.640625	0.45555555555555555	0.5324675324675325	300
['Encode', 'FKDN', 0.3, 'Real', 300, 0]	22	7	203	68	1.0646438598632812	0.7586206896551724	0.24444444444444444	0.36974789915966383	300
['Encode', 'KDN', 0.05, 'Real', 500, 0]	14	11	464	11	0.019101619720458984	0.56	0.56	0.56	500
['Encode', 'KDN', 0.05, 'Real', 300, 0]	7	5	280	8	0.017229795455932617	0.5833333333333334	0.4666666666666667	0.5185185185185186	300
['Encode', 'KDN', 0.2, 'Real', 500, 0]	49	17	383	51	0.018284082412719727	0.7424242424242424	0.49	0.5903614457831325	500
['Encode', 'IH', 0.7, 'Real', 500, 0]	122	17	133	228	0.1619892120361328	0.8776978417266187	0.3485714285714286	0.49897750511247446	500
['Encode', 'PD', 0.3, 'Real', 500, 0]	63	8	342	87	0.020793914794921875	0.8873239436619719	0.42	0.5701357466063348	500
['Encode', 'RFD', 0.3, 'Real', 500, 0]	54	23	327	96	0.2555849552154541	0.7012987012987013	0.36	0.4757709251101322	500
['Encode', 'IH', 0.3, 'Real', 500, 0]	79	17	333	71	0.17867136001586914	0.8229166666666666	0.5266666666666666	0.6422764227642275	500
['Encode', 'RFD', 0.1, 'Real', 300, 0]	17	8	262	13	0.2230396270751953	0.68	0.5666666666666667	0.6181818181818183	300
['Encode', 'FKDN', 0.3, 'Real', 500, 0]	38	10	340	112	0.18602728843688965	0.7916666666666666	0.25333333333333335	0.38383838383838387	500
['Encode', 'FKDN', 0.7, 'Real', 500, 0]	29	23	127	321	0.22324228286743164	0.5576923076923077	0.08285714285714285	0.1442786069651741	500
['Encode', 'KDN', 0.05, 'Real', 100, 0]	3	0	95	2	0.014791488647460938	1.0	0.6	0.7499999999999999	100
['Encode', 'RFD', 0.4, 'Real', 300, 0]	47	18	162	73	0.2035515308380127	0.7230769230769231	0.39166666666666666	0.5081081081081081	300
['Encode', 'MCS', 0.2, 'Real', 3000, 0]	293	43	2357	307	0.7812933921813965	0.8720238095238095	0.48833333333333334	0.6260683760683762	3000
['Encode', 'IH', 0.5, 'Real', 1000, 0]	208	22	478	292	1.2877998352050781	0.9043478260869565	0.416	0.5698630136986301	1000
['Encode', 'RkDN', 0.4, 'Real', 300, 0]	51	14	166	69	0.017462968826293945	0.7846153846153846	0.425	0.5513513513513513	300
['Encode', 'IH', 0.7, 'Real', 300, 0]	86	16	74	124	0.15589118003845215	0.8431372549019608	0.4095238095238095	0.5512820512820513	300
['Encode', 'FKDN', 0.5, 'Real', 1000, 0]	79	44	456	421	0.29065799713134766	0.6422764227642277	0.158	0.2536115569823435	1000
['Encode', 'MCS', 0.5, 'Real', 1000, 0]	225	12	488	275	0.7156953811645508	0.9493670886075949	0.45	0.6105834464043419	1000
['Encode', 'PD', 0.3, 'Real', 1000, 0]	160	10	690	140	0.024590492248535156	0.9411764705882353	0.5333333333333333	0.6808510638297872	1000
['Encode', 'IH', 0.3, 'Real', 1000, 0]	149	28	672	151	0.4441554546356201	0.8418079096045198	0.49666666666666665	0.6247379454926624	1000
['Encode', 'FKDN', 0.3, 'Real', 1000, 0]	68	27	673	232	0.28433752059936523	0.7157894736842105	0.22666666666666666	0.34430379746835443	1000
['Encode', 'KDN', 0.2, 'Real', 1000, 0]	91	26	774	109	0.02545332908630371	0.7777777777777778	0.455	0.5741324921135648	1000
['Encode', 'RFD', 0.1, 'Real', 100, 0]	8	10	80	2	0.18938350677490234	0.4444444444444444	0.8	0.5714285714285714	100
['Encode', 'FKDN', 0.7, 'Real', 1000, 0]	55	48	252	645	0.3052511215209961	0.5339805825242718	0.07857142857142857	0.136986301369863	1000
['Encode', 'MCS', 0.5, 'Real', 500, 0]	104	12	238	146	0.644045352935791	0.896551724137931	0.416	0.5683060109289617	500
['Encode', 'IH', 0.7, 'Real', 1000, 0]	209	42	258	491	0.20878815650939941	0.8326693227091634	0.2985714285714286	0.43953732912723453	1000
['Encode', 'FKDN', 0.5, 'Real', 500, 0]	34	13	237	216	0.4256277084350586	0.723404255319149	0.136	0.22895622895622897	500
['Encode', 'RFD', 0.3, 'Real', 1000, 0]	116	65	635	184	0.2363424301147461	0.6408839779005525	0.38666666666666666	0.48232848232848236	1000
['Encode', 'MCS', 0.5, 'Real', 300, 0]	66	3	147	84	0.5066602230072021	0.9565217391304348	0.44	0.6027397260273973	300
['Encode', 'PD', 0.6, 'Real', 3000, 0]	847	24	1176	953	0.02007436752319336	0.9724454649827784	0.47055555555555556	0.634219393485586	3000
['Encode', 'PD', 0.6, 'Real', 5000, 0]	1421	36	1964	1579	0.02253127098083496	0.9752916952642416	0.4736666666666667	0.6376486425846982	5000
['Encode', 'RkDN', 0.2, 'Real', 3000, 0]	289	107	2293	311	0.07390880584716797	0.7297979797979798	0.4816666666666667	0.5803212851405621	3000
['Encode', 'RkDN', 0.2, 'Real', 5000, 0]	438	160	3840	562	0.17171359062194824	0.7324414715719063	0.438	0.5481852315394243	5000
['Encode', 'PD', 0.6, 'Real', 10000, 0]	2886	75	3925	3114	0.030974626541137695	0.9746707193515705	0.481	0.6441245396719116	10000
['Encode', 'RkDN', 0.2, 'Real', 10000, 0]	862	273	7727	1138	0.5269944667816162	0.7594713656387665	0.431	0.549920255183413	10000
['Encode', 'FKDN', 0.5, 'Real', 300, 0]	27	7	143	123	1.01582670211792	0.7941176470588235	0.18	0.2934782608695652	300
['Encode', 'PD', 0.7, 'Real', 100, 0]	30	2	28	40	0.01513671875	0.9375	0.42857142857142855	0.588235294117647	100
['Encode', 'RkDN', 0.3, 'Real', 100, 0]	11	4	66	19	0.014881610870361328	0.7333333333333333	0.36666666666666664	0.4888888888888889	100
['Encode', 'PD', 0.7, 'Real', 300, 0]	84	5	85	126	0.018952131271362305	0.9438202247191011	0.4	0.5618729096989967	300
['Encode', 'RkDN', 0.3, 'Real', 300, 0]	41	12	198	49	0.01737809181213379	0.7735849056603774	0.45555555555555555	0.5734265734265734	300
['Encode', 'PD', 0.7, 'Real', 500, 0]	90	55	95	260	0.020106792449951172	0.6206896551724138	0.2571428571428571	0.36363636363636365	500
['Encode', 'PD', 0.7, 'Real', 1000, 0]	176	127	173	524	0.024762392044067383	0.5808580858085809	0.25142857142857145	0.3509471585244267	1000
['Encode', 'RkDN', 0.3, 'Real', 1000, 0]	133	33	667	167	0.028708934783935547	0.8012048192771084	0.44333333333333336	0.5708154506437768	1000
['Encode', 'RFD', 0.7, 'Real', 3000, 0]	256	192	708	1844	0.4837210178375244	0.5714285714285714	0.1219047619047619	0.2009419152276295	3000
['Encode', 'RFD', 0.7, 'Real', 5000, 0]	364	377	1123	3136	0.7522037029266357	0.49122807017543857	0.104	0.17165762791794387	5000
['Encode', 'RFD', 0.7, 'Real', 10000, 0]	564	744	2256	6436	1.3783483505249023	0.43119266055045874	0.08057142857142857	0.13577274915743862	10000
['Encode', 'KDN', 0.4, 'Real', 5000, 0]	1032	255	2745	968	0.04023623466491699	0.8018648018648019	0.516	0.62792820200791	5000
['Encode', 'KDN', 0.05, 'Real', 5000, 0]	132	98	4652	118	0.0405576229095459	0.5739130434782609	0.528	0.55	5000
['Encode', 'MCS', 0.05, 'Real', 3000, 0]	80	40	2810	70	0.9246659278869629	0.6666666666666666	0.5333333333333333	0.5925925925925926	3000
['Encode', 'KDN', 0.05, 'Real', 10000, 0]	235	217	9283	265	0.0756232738494873	0.5199115044247787	0.47	0.4936974789915966	10000
['Encode', 'MCS', 0.05, 'Real', 5000, 0]	114	81	4669	136	0.8317253589630127	0.5846153846153846	0.456	0.5123595505617977	5000
['Encode', 'FKDN', 0.4, 'Real', 5000, 0]	365	263	2737	1635	2.0239055156707764	0.5812101910828026	0.1825	0.2777777777777778	5000
['Encode', 'KDN', 0.2, 'Real', 5000, 0]	505	137	3863	495	0.040230751037597656	0.7866043613707165	0.505	0.6151035322777102	5000
['Encode', 'KDN', 0.1, 'Real', 100, 0]	4	1	89	6	0.014227628707885742	0.8	0.4	0.5333333333333333	100
['Encode', 'KDN', 0.3, 'Real', 100, 0]	19	5	65	11	0.015220880508422852	0.7916666666666666	0.6333333333333333	0.7037037037037038	100
['Encode', 'FKDN', 0.05, 'Real', 10000, 0]	242	109	9391	258	7.001309871673584	0.6894586894586895	0.484	0.5687426556991776	10000
['Encode', 'KDN', 0.3, 'Real', 300, 0]	40	13	197	50	0.016795873641967773	0.7547169811320755	0.4444444444444444	0.5594405594405595	300
['Encode', 'KDN', 0.2, 'Real', 10000, 0]	1002	315	7685	998	0.07490086555480957	0.7608200455580866	0.501	0.6041603858908653	10000
['Encode', 'MCS', 0.05, 'Real', 10000, 0]	248	167	9333	252	1.483381986618042	0.5975903614457831	0.496	0.5420765027322404	10000
['Encode', 'KDN', 0.3, 'Real', 500, 0]	82	31	319	68	0.018677711486816406	0.7256637168141593	0.5466666666666666	0.623574144486692	500
['Encode', 'MCS', 0.1, 'Real', 100, 0]	4	1	89	6	0.42226696014404297	0.8	0.4	0.5333333333333333	100
['Encode', 'IH', 0.7, 'Real', 5000, 0]	907	206	1294	2593	0.4222071170806885	0.8149146451033243	0.2591428571428571	0.3932365055278561	5000
['Encode', 'IH', 0.7, 'Real', 10000, 0]	1790	356	2644	5210	0.6612937450408936	0.8341099720410066	0.2557142857142857	0.39142794664334135	10000
['Encode', 'FKDN', 0.4, 'Real', 10000, 0]	700	836	5164	3300	7.2329230308532715	0.4557291666666667	0.175	0.25289017341040465	10000
['Encode', 'MCS', 0.1, 'Real', 300, 0]	10	8	262	20	0.6718871593475342	0.5555555555555556	0.3333333333333333	0.4166666666666667	300
['Encode', 'KDN', 0.1, 'Real', 500, 0]	23	9	441	27	0.019859790802001953	0.71875	0.46	0.5609756097560976	500
['Encode', 'RFD', 0.05, 'Real', 500, 0]	15	9	466	10	0.2419905662536621	0.625	0.6	0.6122448979591836	500
['Encode', 'FKDN', 0.7, 'Real', 3000, 0]	177	171	729	1923	0.9549450874328613	0.5086206896551724	0.08428571428571428	0.1446078431372549	3000
['Encode', 'MCS', 0.1, 'Real', 500, 0]	22	12	438	28	0.6931276321411133	0.6470588235294118	0.44	0.5238095238095238	500
['Encode', 'PD', 0.7, 'Real', 5000, 0]	953	589	911	2547	0.02370762825012207	0.6180285343709468	0.2722857142857143	0.37802459341531147	5000
['Encode', 'MCS', 0.4, 'Real', 100, 0]	15	4	56	25	0.4250204563140869	0.7894736842105263	0.375	0.5084745762711864	100
['Encode', 'FKDN', 0.7, 'Real', 5000, 0]	243	298	1202	3257	2.1317543983459473	0.4491682070240296	0.06942857142857142	0.12026726057906459	5000
['Encode', 'RkDN', 0.05, 'Real', 100, 0]	3	8	87	2	0.015152692794799805	0.2727272727272727	0.6	0.37499999999999994	100
['Encode', 'MCS', 0.05, 'Real', 100, 0]	1	3	92	4	0.6362347602844238	0.25	0.2	0.22222222222222224	100
['Encode', 'MCS', 0.3, 'Real', 5000, 0]	742	63	3437	758	1.0305817127227783	0.9217391304347826	0.49466666666666664	0.6438177874186551	5000
['Encode', 'MCS', 0.3, 'Real', 10000, 0]	1466	138	6862	1534	2.011212110519409	0.9139650872817955	0.4886666666666667	0.6368375325803648	10000
['Encode', 'RFD', 0.3, 'Real', 3000, 0]	302	204	1896	598	0.44782543182373047	0.5968379446640316	0.33555555555555555	0.4295874822190612	3000
['Encode', 'MCS', 0.05, 'Real', 1000, 0]	21	14	936	29	0.6372919082641602	0.6	0.42	0.49411764705882355	1000
['Encode', 'MCS', 0.4, 'Real', 300, 0]	58	4	176	62	0.6242930889129639	0.9354838709677419	0.48333333333333334	0.6373626373626374	300
['Encode', 'MCS', 0.1, 'Real', 1000, 0]	55	22	878	45	0.8413703441619873	0.7142857142857143	0.55	0.6214689265536724	1000
['Encode', 'RkDN', 0.05, 'Real', 1000, 0]	27	28	922	23	0.028390884399414062	0.4909090909090909	0.54	0.5142857142857142	1000
['Encode', 'MCS', 0.05, 'Real', 500, 0]	11	9	466	14	0.48482275009155273	0.55	0.44	0.48888888888888893	500
['Encode', 'MCS', 0.4, 'Real', 1000, 0]	181	18	582	219	0.7211086750030518	0.9095477386934674	0.4525	0.604340567612688	1000
['Encode', 'FKDN', 0.7, 'Real', 10000, 0]	446	661	2339	6554	7.282690763473511	0.4028906955736224	0.06371428571428571	0.11002837054397432	10000
['Encode', 'RkDN', 0.3, 'Real', 3000, 0]	424	127	1973	476	0.07564067840576172	0.7695099818511797	0.4711111111111111	0.5844245348035838	3000
['Encode', 'RFD', 0.3, 'Real', 5000, 0]	480	336	3164	1020	0.6338274478912354	0.5882352941176471	0.32	0.4145077720207254	5000
['Encode', 'FKDN', 0.3, 'Real', 5000, 0]	347	248	3252	1153	2.0316154956817627	0.5831932773109244	0.23133333333333334	0.33126491646778045	5000
['Encode', 'KDN', 0.3, 'Real', 3000, 0]	461	104	1996	439	0.027666568756103516	0.815929203539823	0.5122222222222222	0.6293515358361775	3000
['Encode', 'FKDN', 0.4, 'Real', 300, 0]	20	12	168	100	0.20277881622314453	0.625	0.16666666666666666	0.2631578947368421	300
['Encode', 'FKDN', 0.05, 'Real', 500, 0]	13	5	470	12	0.20074248313903809	0.7222222222222222	0.52	0.6046511627906976	500
['Encode', 'IH', 0.05, 'Real', 500, 0]	13	11	464	12	0.19225716590881348	0.5416666666666666	0.52	0.5306122448979592	500
['Encode', 'FKDN', 0.3, 'Real', 10000, 0]	683	489	6511	2317	8.201692342758179	0.5827645051194539	0.22766666666666666	0.32742090124640455	10000
['Encode', 'FKDN', 0.4, 'Real', 1000, 0]	66	43	557	334	0.2919423580169678	0.6055045871559633	0.165	0.2593320235756385	1000
['Encode', 'PD', 0.3, 'Real', 3000, 0]	460	31	2069	440	0.020364046096801758	0.9368635437881874	0.5111111111111111	0.6613946800862688	3000
['Encode', 'PD', 0.3, 'Real', 5000, 0]	755	70	3430	745	0.02271556854248047	0.9151515151515152	0.5033333333333333	0.6494623655913978	5000
['Encode', 'KDN', 0.3, 'Real', 5000, 0]	704	206	3294	796	0.039786577224731445	0.7736263736263737	0.4693333333333333	0.5842323651452282	5000
['Encode', 'RkDN', 0.7, 'Real', 5000, 0]	1466	159	1341	2034	0.1707596778869629	0.9021538461538462	0.4188571428571429	0.5720975609756097	5000
['Encode', 'RkDN', 0.7, 'Real', 10000, 0]	3020	330	2670	3980	0.5005662441253662	0.9014925373134328	0.43142857142857144	0.5835748792270531	10000
['Encode', 'IH', 0.3, 'Real', 10000, 0]	1216	334	6666	1784	0.6605372428894043	0.7845161290322581	0.4053333333333333	0.5345054945054946	10000
['Encode', 'PD', 0.3, 'Real', 10000, 0]	1447	106	6894	1553	0.02816915512084961	0.9317450096587251	0.48233333333333334	0.6356248627278718	10000
['Encode', 'PD', 0.4, 'Real', 100, 0]	17	1	59	23	0.017047882080078125	0.9444444444444444	0.425	0.5862068965517241	100
['Encode', 'KDN', 0.4, 'Real', 100, 0]	24	7	53	16	0.014107942581176758	0.7741935483870968	0.6	0.676056338028169	100
['Encode', 'IH', 0.4, 'Real', 100, 0]	25	2	58	15	0.16367721557617188	0.9259259259259259	0.625	0.7462686567164178	100
['Encode', 'PD', 0.05, 'Real', 100, 0]	2	5	90	3	0.01801276206970215	0.2857142857142857	0.4	0.3333333333333333	100
['Encode', 'PD', 0.4, 'Real', 300, 0]	56	7	173	64	0.018967628479003906	0.8888888888888888	0.4666666666666667	0.6120218579234972	300
['Encode', 'KDN', 0.4, 'Real', 300, 0]	46	12	168	74	0.017259836196899414	0.7931034482758621	0.38333333333333336	0.5168539325842697	300
['Encode', 'PD', 0.05, 'Real', 300, 0]	7	2	283	8	0.01950359344482422	0.7777777777777778	0.4666666666666667	0.5833333333333334	300
['Encode', 'PD', 0.05, 'Real', 500, 0]	5	9	466	20	0.02147698402404785	0.35714285714285715	0.2	0.25641025641025644	500
['Encode', 'KDN', 0.4, 'Real', 500, 0]	91	29	271	109	0.020170211791992188	0.7583333333333333	0.455	0.56875	500
['Encode', 'IH', 0.4, 'Real', 500, 0]	84	15	285	116	0.18050479888916016	0.8484848484848485	0.42	0.5618729096989966	500
['Encode', 'PD', 0.4, 'Real', 500, 0]	91	7	293	109	0.020591020584106445	0.9285714285714286	0.455	0.610738255033557	500
['Encode', 'PD', 0.4, 'Real', 3000, 0]	596	32	1768	604	0.043308258056640625	0.9490445859872612	0.49666666666666665	0.6520787746170678	3000
['Encode', 'FKDN', 0.05, 'Real', 100, 0]	1	1	94	4	0.17336535453796387	0.5	0.2	0.28571428571428575	100
['Encode', 'RFD', 0.05, 'Real', 5000, 0]	141	92	4658	109	0.5106031894683838	0.6051502145922747	0.564	0.5838509316770185	5000
['Encode', 'IH', 0.05, 'Real', 100, 0]	4	2	93	1	0.08078122138977051	0.6666666666666666	0.8	0.7272727272727272	100
['Encode', 'RFD', 0.5, 'Real', 100, 0]	19	8	42	31	0.20888829231262207	0.7037037037037037	0.38	0.49350649350649356	100
['Encode', 'FKDN', 0.4, 'Real', 100, 0]	13	3	57	27	0.17608976364135742	0.8125	0.325	0.46428571428571436	100
['Encode', 'RFD', 0.5, 'Real', 300, 0]	47	21	129	103	0.15198373794555664	0.6911764705882353	0.31333333333333335	0.4311926605504588	300
['Encode', 'IH', 0.05, 'Real', 300, 0]	4	10	275	11	1.0646898746490479	0.2857142857142857	0.26666666666666666	0.2758620689655172	300
['Encode', 'RFD', 0.5, 'Real', 500, 0]	72	36	214	178	0.16030478477478027	0.6666666666666666	0.288	0.4022346368715084	500
['Encode', 'IH', 0.05, 'Real', 1000, 0]	25	31	919	25	0.13841867446899414	0.44642857142857145	0.5	0.47169811320754723	1000
['Encode', 'FKDN', 0.05, 'Real', 1000, 0]	27	6	944	23	0.28215742111206055	0.8181818181818182	0.54	0.6506024096385542	1000
['Encode', 'RFD', 0.3, 'Real', 10000, 0]	842	703	6297	2158	1.2043859958648682	0.5449838187702265	0.2806666666666667	0.3705170517051705	10000
['Encode', 'RkDN', 0.3, 'Real', 10000, 0]	1362	340	6660	1638	0.5145270824432373	0.800235017626322	0.454	0.579327945555083	10000
['Encode', 'RFD', 0.5, 'Real', 1000, 0]	124	84	416	376	0.19394159317016602	0.5961538461538461	0.248	0.3502824858757062	1000
['Encode', 'RkDN', 0.7, 'Real', 3000, 0]	903	99	801	1197	0.0749673843383789	0.9011976047904192	0.43	0.5822050290135397	3000
['Encode', 'RFD', 0.05, 'Real', 10000, 0]	292	185	9315	208	0.9453840255737305	0.6121593291404612	0.584	0.5977482088024565	10000
['Encode', 'MCS', 0.4, 'Real', 5000, 0]	958	72	2928	1042	1.2539258003234863	0.9300970873786408	0.479	0.6323432343234323	5000
['Encode', 'RkDN', 0.5, 'Real', 300, 0]	67	15	135	83	0.017792940139770508	0.8170731707317073	0.44666666666666666	0.5775862068965517	300
['Encode', 'MCS', 0.5, 'Real', 100, 0]	17	3	47	33	0.6213457584381104	0.85	0.34	0.4857142857142858	100
['Encode', 'FKDN', 0.3, 'Real', 3000, 0]	206	135	1965	694	0.8803138732910156	0.6041055718475073	0.2288888888888889	0.33199033037872683	3000
['Encode', 'IH', 0.4, 'Real', 300, 0]	61	8	172	59	0.12993550300598145	0.8840579710144928	0.5083333333333333	0.6455026455026456	300
['Encode', 'KDN', 0.4, 'Real', 1000, 0]	196	39	561	204	0.024684429168701172	0.8340425531914893	0.49	0.6173228346456693	1000
['Encode', 'PD', 0.4, 'Real', 1000, 0]	189	9	591	211	0.024994850158691406	0.9545454545454546	0.4725	0.6321070234113713	1000
['Encode', 'IH', 0.4, 'Real', 1000, 0]	166	33	567	234	0.2107555866241455	0.8341708542713567	0.415	0.5542570951585977	1000
['Encode', 'PD', 0.05, 'Real', 1000, 0]	26	11	939	24	0.01836228370666504	0.7027027027027027	0.52	0.5977011494252874	1000
['Encode', 'KDN', 0.3, 'Real', 10000, 0]	1544	380	6620	1456	0.08508539199829102	0.8024948024948025	0.5146666666666667	0.6271324126726239	10000
['Encode', 'RkDN', 0.3, 'Real', 500, 0]	67	11	339	83	0.09966254234313965	0.8589743589743589	0.44666666666666666	0.587719298245614	500
['Encode', 'FKDN', 0.1, 'Real', 500, 0]	12	5	445	38	0.19362211227416992	0.7058823529411765	0.24	0.3582089552238806	500
['Encode', 'FKDN', 0.5, 'Real', 100, 0]	9	6	44	41	0.17229628562927246	0.6	0.18	0.2769230769230769	100
['Encode', 'MCS', 0.4, 'Real', 10000, 0]	1971	119	5881	2029	1.897190809249878	0.9430622009569378	0.49275	0.6472906403940887	10000
['Encode', 'IH', 0.3, 'Real', 5000, 0]	643	185	3315	857	0.4233992099761963	0.7765700483091788	0.42866666666666664	0.5524054982817869	5000
['Encode', 'FKDN', 0.4, 'Real', 3000, 0]	204	158	1642	996	0.8760879039764404	0.56353591160221	0.17	0.2612035851472471	3000
['Encode', 'MCS', 0.4, 'Real', 3000, 0]	549	36	1764	651	0.8111758232116699	0.9384615384615385	0.4575	0.6151260504201681	3000
['Encode', 'IH', 0.3, 'Real', 3000, 0]	400	90	2010	500	0.31484103202819824	0.8163265306122449	0.4444444444444444	0.5755395683453237	3000
['Encode', 'RkDN', 0.05, 'Real', 3000, 0]	72	87	2763	78	0.07593369483947754	0.4528301886792453	0.48	0.46601941747572817	3000
['Encode', 'PD', 0.5, 'Real', 1000, 0]	242	11	489	258	0.024648666381835938	0.9565217391304348	0.484	0.6427622841965471	1000
['Encode', 'PD', 0.5, 'Real', 500, 0]	117	5	245	133	0.020769119262695312	0.9590163934426229	0.468	0.6290322580645161	500
['Encode', 'PD', 0.1, 'Real', 100, 0]	2	4	86	8	0.016930580139160156	0.3333333333333333	0.2	0.25	100
['Encode', 'FKDN', 0.4, 'Real', 500, 0]	33	16	284	167	0.22210240364074707	0.673469387755102	0.165	0.26506024096385544	500
['Encode', 'RkDN', 0.5, 'Real', 100, 0]	19	7	43	31	0.013917922973632812	0.7307692307692307	0.38	0.5	100
['Encode', 'FKDN', 0.05, 'Real', 300, 0]	5	2	283	10	0.18398046493530273	0.7142857142857143	0.3333333333333333	0.4545454545454545	300
['Encode', 'PD', 0.5, 'Real', 300, 0]	51	17	133	99	0.019031763076782227	0.75	0.34	0.4678899082568807	300
['Encode', 'FKDN', 0.1, 'Real', 100, 0]	4	1	89	6	0.1396312713623047	0.8	0.4	0.5333333333333333	100
['Encode', 'PD', 0.5, 'Real', 100, 0]	20	2	48	30	0.017780780792236328	0.9090909090909091	0.4	0.5555555555555556	100
['Encode', 'RkDN', 0.4, 'Real', 100, 0]	18	4	56	22	0.014751195907592773	0.8181818181818182	0.45	0.5806451612903226	100
['Encode', 'RFD', 0.4, 'Real', 100, 0]	14	10	50	26	0.21015024185180664	0.5833333333333334	0.35	0.4375	100
['Encode', 'PD', 0.4, 'Real', 5000, 0]	952	63	2937	1048	0.022305727005004883	0.9379310344827586	0.476	0.6315091210613598	5000
['Encode', 'PD', 0.4, 'Real', 10000, 0]	1933	93	5907	2067	0.02837204933166504	0.9540967423494571	0.48325	0.6415532691669432	10000
['Encode', 'RFD', 0.4, 'Real', 10000, 0]	833	819	5181	3167	1.1918773651123047	0.5042372881355932	0.20825	0.294762915782024	10000
['Encode', 'RFD', 0.4, 'Real', 3000, 0]	304	245	1555	896	0.4530029296875	0.5537340619307832	0.25333333333333335	0.34762721555174386	3000
['Encode', 'PD', 0.7, 'Real', 10000, 0]	1876	1181	1819	5124	0.06078362464904785	0.613673536146549	0.268	0.37307348115740285	10000
['Encode', 'PD', 0.05, 'Real', 10000, 0]	250	147	9353	250	0.027210474014282227	0.6297229219143576	0.5	0.5574136008918618	10000
['Encode', 'RkDN', 0.3, 'Real', 5000, 0]	676	160	3340	824	0.17775726318359375	0.8086124401913876	0.45066666666666666	0.5787671232876712	5000
['Encode', 'RFD', 0.4, 'Real', 5000, 0]	453	382	2618	1547	0.6676568984985352	0.5425149700598803	0.2265	0.31957671957671957	5000
['Encode', 'IH', 0.1, 'Real', 1000, 0]	48	18	882	52	0.2301638126373291	0.7272727272727273	0.48	0.5783132530120482	1000
['Encode', 'FKDN', 0.1, 'Real', 1000, 0]	42	15	885	58	0.28647375106811523	0.7368421052631579	0.42	0.535031847133758	1000
['Encode', 'RkDN', 0.1, 'Real', 100, 0]	5	2	88	5	0.013917922973632812	0.7142857142857143	0.5	0.588235294117647	100
['Encode', 'RkDN', 0.5, 'Real', 1000, 0]	217	36	464	283	0.028762102127075195	0.857707509881423	0.434	0.5763612217795485	1000
['Encode', 'KDN', 0.3, 'Real', 1000, 0]	163	51	649	137	0.024241924285888672	0.7616822429906542	0.5433333333333333	0.6342412451361867	1000
['Encode', 'PD', 0.1, 'Real', 1000, 0]	45	17	883	55	0.02543783187866211	0.7258064516129032	0.45	0.5555555555555557	1000
['Encode', 'IH', 0.1, 'Real', 100, 0]	5	4	86	5	0.15348100662231445	0.5555555555555556	0.5	0.5263157894736842	100
['Encode', 'RFD', 0.2, 'Real', 3000, 0]	234	143	2257	366	0.425978422164917	0.6206896551724138	0.39	0.4790174002047083	3000
['Encode', 'KDN', 0.4, 'Real', 10000, 0]	1959	386	5614	2041	0.0765542984008789	0.8353944562899787	0.48975	0.6174940898345154	10000
['Encode', 'IH', 0.2, 'Real', 3000, 0]	267	82	2318	333	0.24828481674194336	0.7650429799426934	0.445	0.5626975763962065	3000
['Encode', 'FKDN', 0.2, 'Real', 3000, 0]	172	78	2322	428	0.8654422760009766	0.688	0.2866666666666667	0.4047058823529412	3000
['Encode', 'MCS', 0.4, 'Real', 500, 0]	106	5	295	94	3.6061043739318848	0.954954954954955	0.53	0.6816720257234727	500
['Encode', 'KDN', 0.5, 'Real', 100, 0]	24	5	45	26	0.01441049575805664	0.8275862068965517	0.48	0.6075949367088608	100
['Encode', 'IH', 0.7, 'Real', 3000, 0]	603	124	776	1497	0.3010594844818115	0.8294360385144429	0.28714285714285714	0.42660063671736825	3000
['Encode', 'RkDN', 0.4, 'Real', 3000, 0]	484	118	1682	716	0.0732882022857666	0.8039867109634552	0.4033333333333333	0.537180910099889	3000
['Encode', 'KDN', 0.5, 'Real', 1000, 0]	233	39	461	267	0.027233362197875977	0.8566176470588235	0.466	0.6036269430051814	1000
['Encode', 'FKDN', 0.6, 'Real', 3000, 0]	192	196	1004	1608	0.9550747871398926	0.4948453608247423	0.10666666666666667	0.17550274223034734	3000
['Encode', 'KDN', 0.1, 'Real', 3000, 0]	138	69	2631	162	0.02773118019104004	0.6666666666666666	0.46	0.544378698224852	3000
['Encode', 'FKDN', 0.05, 'Real', 3000, 0]	68	30	2820	82	0.805330753326416	0.6938775510204082	0.4533333333333333	0.5483870967741935	3000
['Encode', 'PD', 0.05, 'Real', 3000, 0]	80	48	2802	70	0.019891977310180664	0.625	0.5333333333333333	0.5755395683453237	3000
['Encode', 'IH', 0.05, 'Real', 10000, 0]	236	246	9254	264	0.6401190757751465	0.4896265560165975	0.472	0.4806517311608961	10000
['Encode', 'PD', 0.05, 'Real', 5000, 0]	122	92	4658	128	0.13965678215026855	0.5700934579439252	0.488	0.5258620689655172	5000
['Encode', 'RkDN', 0.4, 'Real', 5000, 0]	913	203	2797	1087	0.999563455581665	0.818100358422939	0.4565	0.5860077021822849	5000
['Encode', 'FKDN', 0.1, 'Real', 300, 0]	12	7	263	18	0.1941366195678711	0.631578947368421	0.4	0.4897959183673469	300
['Encode', 'PD', 0.1, 'Real', 300, 0]	11	4	266	19	0.018240690231323242	0.7333333333333333	0.36666666666666664	0.4888888888888889	300
['Encode', 'KDN', 0.1, 'Real', 300, 0]	14	10	260	16	0.017002344131469727	0.5833333333333334	0.4666666666666667	0.5185185185185186	300
['Encode', 'RkDN', 0.05, 'Real', 300, 0]	9	8	277	6	0.018355846405029297	0.5294117647058824	0.6	0.5625	300
['Encode', 'MCS', 0.05, 'Real', 300, 0]	9	4	281	6	0.3498055934906006	0.6923076923076923	0.6	0.6428571428571429	300
['Encode', 'IH', 0.1, 'Real', 300, 0]	16	7	263	14	0.37215423583984375	0.6956521739130435	0.5333333333333333	0.6037735849056605	300
['Encode', 'RkDN', 0.4, 'Real', 10000, 0]	1766	365	5635	2234	0.5063140392303467	0.8287189113092445	0.4415	0.576088729407927	10000
['Encode', 'PD', 0.2, 'Real', 3000, 0]	300	42	2358	300	0.019065380096435547	0.8771929824561403	0.5	0.6369426751592356	3000
['Encode', 'IH', 0.1, 'Real', 500, 0]	27	18	432	23	0.18824219703674316	0.6	0.54	0.5684210526315789	500
['Encode', 'RkDN', 0.5, 'Real', 500, 0]	103	15	235	147	0.019428730010986328	0.8728813559322034	0.412	0.5597826086956521	500
['Encode', 'RkDN', 0.05, 'Real', 500, 0]	15	15	460	10	0.019552230834960938	0.5	0.6	0.5454545454545454	500
['Encode', 'PD', 0.1, 'Real', 500, 0]	23	9	441	27	0.020127058029174805	0.71875	0.46	0.5609756097560976	500
['Encode', 'FKDN', 0.05, 'Real', 5000, 0]	113	42	4708	137	1.8789498805999756	0.7290322580645161	0.452	0.5580246913580247	5000
['Encode', 'KDN', 0.5, 'Real', 500, 0]	123	29	221	127	0.019474029541015625	0.8092105263157895	0.492	0.6119402985074628	500
['Encode', 'RFD', 0.05, 'Real', 3000, 0]	70	54	2796	80	0.39316606521606445	0.5645161290322581	0.4666666666666667	0.5109489051094891	3000
['Encode', 'KDN', 0.5, 'Real', 300, 0]	79	18	132	71	0.01613330841064453	0.8144329896907216	0.5266666666666666	0.6396761133603238	300
['Encode', 'RFD', 0.05, 'Real', 100, 0]	2	4	91	3	0.1958022117614746	0.3333333333333333	0.4	0.3636363636363636	100
['Encode', 'RFD', 0.05, 'Real', 300, 0]	9	5	280	6	0.2061622142791748	0.6428571428571429	0.6	0.6206896551724138	300
['Encode', 'KDN', 0.2, 'Real', 3000, 0]	280	106	2294	320	0.026865720748901367	0.7253886010362695	0.4666666666666667	0.5679513184584178	3000
['Encode', 'PD', 0.7, 'Real', 3000, 0]	571	346	554	1529	0.019688844680786133	0.6226826608505998	0.2719047619047619	0.37852171030825327	3000
['Encode', 'IH', 0.6, 'Real', 3000, 0]	564	118	1082	1236	0.2842226028442383	0.8269794721407625	0.31333333333333335	0.4544721998388397	3000
['Encode', 'RFD', 0.05, 'Real', 1000, 0]	30	25	925	20	0.26545000076293945	0.5454545454545454	0.6	0.5714285714285713	1000
['Encode', 'KDN', 0.05, 'Real', 3000, 0]	68	59	2791	82	0.027471065521240234	0.5354330708661418	0.4533333333333333	0.4909747292418773	3000
['Encode', 'KDN', 0.4, 'Real', 3000, 0]	614	122	1678	586	0.027462482452392578	0.8342391304347826	0.5116666666666667	0.634297520661157	3000
['Encode', 'IH', 0.05, 'Real', 5000, 0]	131	119	4631	119	0.3939697742462158	0.524	0.524	0.524	5000
['Encode', 'RkDN', 0.7, 'Real', 1000, 0]	291	22	278	409	0.020940542221069336	0.9297124600638977	0.4157142857142857	0.5745310957551826	1000
['Encode', 'RFD', 0.3, 'Real', 1000, 0]	103	67	633	197	0.18844914436340332	0.6058823529411764	0.3433333333333333	0.43829787234042544	1000
['Encode', 'RFD', 0.3, 'Real', 500, 0]	55	28	322	95	0.16173648834228516	0.6626506024096386	0.36666666666666664	0.4721030042918455	500
['Encode', 'RkDN', 0.7, 'Real', 500, 0]	153	22	128	197	0.014395475387573242	0.8742857142857143	0.43714285714285717	0.582857142857143	500
['Encode', 'RFD', 0.2, 'Real', 500, 0]	41	28	372	59	0.15643596649169922	0.5942028985507246	0.41	0.485207100591716	500
['Encode', 'RkDN', 0.6, 'Real', 500, 0]	144	28	172	156	0.013230562210083008	0.8372093023255814	0.48	0.6101694915254237	500
['Encode', 'RFD', 0.3, 'Real', 100, 0]	15	10	60	15	0.13605761528015137	0.6	0.5	0.5454545454545454	100
['Encode', 'RkDN', 0.7, 'Real', 100, 0]	26	5	25	44	0.010451793670654297	0.8387096774193549	0.37142857142857144	0.5148514851485149	100
['Encode', 'RFD', 0.2, 'Real', 1000, 0]	84	48	752	116	0.19576001167297363	0.6363636363636364	0.42	0.5060240963855421	1000
['Encode', 'RkDN', 0.6, 'Real', 1000, 0]	255	35	365	345	0.0207216739654541	0.8793103448275862	0.425	0.5730337078651686	1000
['Encode', 'RkDN', 0.7, 'Real', 300, 0]	97	8	82	113	0.012360334396362305	0.9238095238095239	0.46190476190476193	0.615873015873016	300
['Encode', 'RFD', 0.3, 'Real', 300, 0]	47	24	186	43	0.16288042068481445	0.6619718309859155	0.5222222222222223	0.5838509316770187	300
['Encode', 'KDN', 0.1, 'Real', 100, 0]	4	2	88	6	0.01047515869140625	0.6666666666666666	0.4	0.5	100
['Encode', 'KDN', 0.05, 'Real', 1000, 0]	18	14	936	32	0.017189502716064453	0.5625	0.36	0.43902439024390244	1000
['Encode', 'KDN', 0.05, 'Real', 500, 0]	10	6	469	15	0.013162851333618164	0.625	0.4	0.48780487804878053	500
['Encode', 'RkDN', 0.6, 'Real', 300, 0]	79	16	104	101	0.011733531951904297	0.8315789473684211	0.4388888888888889	0.5745454545454545	300
['Encode', 'KDN', 0.05, 'Real', 300, 0]	8	3	282	7	0.01213836669921875	0.7272727272727273	0.5333333333333333	0.6153846153846153	300
['Encode', 'RFD', 0.2, 'Real', 300, 0]	29	13	227	31	0.14652299880981445	0.6904761904761905	0.48333333333333334	0.5686274509803921	300
['Encode', 'KDN', 0.05, 'Real', 100, 0]	2	2	93	3	0.009839534759521484	0.5	0.4	0.4444444444444445	100
['Encode', 'RkDN', 0.1, 'Real', 100, 0]	7	2	88	3	0.0102691650390625	0.7777777777777778	0.7	0.7368421052631577	100
['Encode', 'RkDN', 0.1, 'Real', 500, 0]	25	23	427	25	0.014054059982299805	0.5208333333333334	0.5	0.5102040816326531	500
['Encode', 'RkDN', 0.1, 'Real', 1000, 0]	45	29	871	55	0.020747661590576172	0.6081081081081081	0.45	0.5172413793103449	1000
['Encode', 'RkDN', 0.1, 'Real', 300, 0]	13	11	259	17	0.018510818481445312	0.5416666666666666	0.43333333333333335	0.4814814814814815	300
['Encode', 'RkDN', 0.2, 'Real', 300, 0]	31	10	230	29	0.012731552124023438	0.7560975609756098	0.5166666666666667	0.6138613861386139	300
['Encode', 'RkDN', 0.2, 'Real', 100, 0]	11	4	76	9	0.015231609344482422	0.7333333333333333	0.55	0.6285714285714286	100
['Encode', 'RkDN', 0.2, 'Real', 500, 0]	49	23	377	51	0.014536619186401367	0.6805555555555556	0.49	0.5697674418604651	500
['Encode', 'IH', 0.5, 'Real', 100, 0]	21	8	42	29	0.10255885124206543	0.7241379310344828	0.42	0.5316455696202531	100
['Encode', 'IH', 0.5, 'Real', 500, 0]	114	17	233	136	0.11521244049072266	0.8702290076335878	0.456	0.5984251968503937	500
['Encode', 'RFD', 0.05, 'Real', 300, 0]	9	10	275	6	0.14348697662353516	0.47368421052631576	0.6	0.5294117647058824	300
['Encode', 'IH', 0.5, 'Real', 300, 0]	67	11	139	83	0.10825681686401367	0.8589743589743589	0.44666666666666666	0.587719298245614	300
['Encode', 'RkDN', 0.4, 'Real', 300, 0]	46	10	170	74	0.012851476669311523	0.8214285714285714	0.38333333333333336	0.5227272727272727	300
['Encode', 'IH', 0.5, 'Real', 1000, 0]	230	53	447	270	0.14075398445129395	0.8127208480565371	0.46	0.5874840357598979	1000
['Encode', 'IH', 0.6, 'Real', 500, 0]	123	18	182	177	0.11440706253051758	0.8723404255319149	0.41	0.5578231292517007	500
['Encode', 'IH', 0.6, 'Real', 100, 0]	34	4	36	26	0.09624528884887695	0.8947368421052632	0.5666666666666667	0.6938775510204083	100
['Encode', 'IH', 0.6, 'Real', 300, 0]	81	12	108	99	0.10275030136108398	0.8709677419354839	0.45	0.5934065934065934	300
['Encode', 'RFD', 0.05, 'Real', 1000, 0]	29	16	934	21	0.263502836227417	0.6444444444444445	0.58	0.6105263157894737	1000
['Encode', 'RkDN', 0.4, 'Real', 100, 0]	17	5	55	23	0.010045289993286133	0.7727272727272727	0.425	0.5483870967741935	100
['Encode', 'RFD', 0.05, 'Real', 100, 0]	4	3	92	1	0.13138604164123535	0.5714285714285714	0.8	0.6666666666666666	100
['Encode', 'PD', 0.4, 'Real', 1000, 0]	208	9	591	192	0.01723766326904297	0.9585253456221198	0.52	0.674230145867099	1000
['Encode', 'PD', 0.5, 'Real', 100, 0]	11	2	48	39	0.011843442916870117	0.8461538461538461	0.22	0.3492063492063492	100
['Encode', 'PD', 0.4, 'Real', 500, 0]	107	4	296	93	0.020836591720581055	0.963963963963964	0.535	0.6881028938906752	500
['Encode', 'PD', 0.4, 'Real', 300, 0]	56	0	180	64	0.013465404510498047	1.0	0.4666666666666667	0.6363636363636364	300
['Encode', 'PD', 0.4, 'Real', 100, 0]	14	2	58	26	0.011960506439208984	0.875	0.35	0.4999999999999999	100
['Encode', 'PD', 0.3, 'Real', 1000, 0]	153	16	684	147	0.01743030548095703	0.9053254437869822	0.51	0.652452025586354	1000
['Encode', 'PD', 0.3, 'Real', 500, 0]	77	7	343	73	0.01360177993774414	0.9166666666666666	0.5133333333333333	0.6581196581196581	500
['Encode', 'IH', 0.7, 'Real', 1000, 0]	232	40	260	468	0.13305354118347168	0.8529411764705882	0.3314285714285714	0.47736625514403286	1000
['Encode', 'RkDN', 0.3, 'Real', 1000, 0]	140	34	666	160	0.020496606826782227	0.8045977011494253	0.4666666666666667	0.5907172995780591	1000
['Encode', 'RFD', 0.7, 'Real', 1000, 0]	130	68	232	570	0.25914621353149414	0.6565656565656566	0.18571428571428572	0.289532293986637	1000
['Encode', 'RFD', 0.7, 'Real', 500, 0]	74	29	121	276	0.16846895217895508	0.7184466019417476	0.21142857142857144	0.32671081677704195	500
['Encode', 'IH', 0.05, 'Real', 100, 0]	2	5	90	3	0.10886764526367188	0.2857142857142857	0.4	0.3333333333333333	100
['Encode', 'MCS', 0.7, 'Real', 1000, 0]	310	9	291	390	0.31142187118530273	0.9717868338557993	0.44285714285714284	0.6084396467124632	1000
['Encode', 'RkDN', 0.3, 'Real', 500, 0]	79	25	325	71	0.019696950912475586	0.7596153846153846	0.5266666666666666	0.6220472440944882	500
['Encode', 'IH', 0.7, 'Real', 500, 0]	130	20	130	220	0.16369009017944336	0.8666666666666667	0.37142857142857144	0.52	500
['Encode', 'IH', 0.05, 'Real', 300, 0]	7	2	283	8	0.1134493350982666	0.7777777777777778	0.4666666666666667	0.5833333333333334	300
['Encode', 'IH', 0.1, 'Real', 100, 0]	5	6	84	5	0.1169133186340332	0.45454545454545453	0.5	0.47619047619047616	100
['Encode', 'IH', 0.1, 'Real', 300, 0]	15	8	262	15	0.16901636123657227	0.6521739130434783	0.5	0.5660377358490566	300
['Encode', 'IH', 0.05, 'Real', 1000, 0]	30	35	915	20	0.14522242546081543	0.46153846153846156	0.6	0.5217391304347826	1000
['Encode', 'IH', 0.05, 'Real', 500, 0]	11	10	465	14	0.11944174766540527	0.5238095238095238	0.44	0.4782608695652174	500
['Encode', 'KDN', 0.6, 'Real', 300, 0]	80	25	95	100	0.011596918106079102	0.7619047619047619	0.4444444444444444	0.5614035087719298	300
['Encode', 'FKDN', 0.4, 'Real', 1000, 0]	68	34	566	332	0.20522642135620117	0.6666666666666666	0.17	0.2709163346613546	1000
['Encode', 'KDN', 0.6, 'Real', 100, 0]	37	9	31	23	0.010114669799804688	0.8043478260869565	0.6166666666666667	0.6981132075471699	100
['Encode', 'FKDN', 0.3, 'Real', 1000, 0]	58	27	673	242	0.19972705841064453	0.6823529411764706	0.19333333333333333	0.30129870129870123	1000
['Encode', 'KDN', 0.5, 'Real', 500, 0]	134	23	227	116	0.01791691780090332	0.8535031847133758	0.536	0.6584766584766585	500
['Encode', 'FKDN', 0.4, 'Real', 100, 0]	10	4	56	30	0.11381721496582031	0.7142857142857143	0.25	0.37037037037037035	100
['Encode', 'FKDN', 0.4, 'Real', 500, 0]	36	10	290	164	0.20760416984558105	0.782608695652174	0.18	0.2926829268292683	500
['Encode', 'FKDN', 0.4, 'Real', 300, 0]	20	7	173	100	0.1914687156677246	0.7407407407407407	0.16666666666666666	0.272108843537415	300
['Encode', 'KDN', 0.5, 'Real', 1000, 0]	236	40	460	264	0.017223596572875977	0.855072463768116	0.472	0.6082474226804123	1000
['Encode', 'KDN', 0.5, 'Real', 300, 0]	88	24	126	62	0.01776576042175293	0.7857142857142857	0.5866666666666667	0.6717557251908396	300
['Encode', 'KDN', 0.5, 'Real', 100, 0]	21	3	47	29	0.01076960563659668	0.875	0.42	0.5675675675675675	100
['Encode', 'KDN', 0.4, 'Real', 1000, 0]	207	38	562	193	0.016721725463867188	0.8448979591836735	0.5175	0.641860465116279	1000
['Encode', 'RkDN', 0.3, 'Real', 300, 0]	32	21	189	58	0.016388893127441406	0.6037735849056604	0.35555555555555557	0.44755244755244755	300
['Encode', 'IH', 0.7, 'Real', 300, 0]	79	10	80	131	0.15383219718933105	0.8876404494382022	0.3761904761904762	0.5284280936454849	300
['Encode', 'FKDN', 0.5, 'Real', 300, 0]	19	10	140	131	0.13013124465942383	0.6551724137931034	0.12666666666666668	0.2122905027932961	300
['Encode', 'FKDN', 0.5, 'Real', 100, 0]	6	6	44	44	0.12263035774230957	0.5	0.12	0.1935483870967742	100
['Encode', 'MCS', 0.2, 'Real', 300, 0]	26	6	234	34	0.40503549575805664	0.8125	0.43333333333333335	0.5652173913043479	300
['Encode', 'MCS', 0.2, 'Real', 100, 0]	6	2	78	14	0.3585999011993408	0.75	0.3	0.4285714285714285	100
['Encode', 'MCS', 0.1, 'Real', 1000, 0]	52	15	885	48	0.5866134166717529	0.7761194029850746	0.52	0.6227544910179641	1000
['Encode', 'MCS', 0.1, 'Real', 500, 0]	21	5	445	29	0.33322572708129883	0.8076923076923077	0.42	0.5526315789473685	500
['Encode', 'RkDN', 0.3, 'Real', 100, 0]	13	3	67	17	0.011737823486328125	0.8125	0.43333333333333335	0.5652173913043479	100
['Encode', 'MCS', 0.1, 'Real', 100, 0]	1	1	89	9	0.20476365089416504	0.5	0.1	0.16666666666666669	100
['Encode', 'MCS', 0.1, 'Real', 300, 0]	12	3	267	18	0.24133610725402832	0.8	0.4	0.5333333333333333	300
['Encode', 'MCS', 0.05, 'Real', 1000, 0]	25	18	932	25	0.32039976119995117	0.5813953488372093	0.5	0.5376344086021505	1000
['Encode', 'IH', 0.7, 'Real', 100, 0]	27	7	23	43	0.09457683563232422	0.7941176470588235	0.38571428571428573	0.5192307692307693	100
['Encode', 'IH', 0.6, 'Real', 1000, 0]	227	34	366	373	0.20465850830078125	0.8697318007662835	0.37833333333333335	0.5272938443670151	1000
['Encode', 'RkDN', 0.2, 'Real', 1000, 0]	101	29	771	99	0.020485639572143555	0.7769230769230769	0.505	0.6121212121212121	1000
['Encode', 'MCS', 0.3, 'Real', 100, 0]	13	3	67	17	0.2168726921081543	0.8125	0.43333333333333335	0.5652173913043479	100
['Encode', 'MCS', 0.2, 'Real', 1000, 0]	96	24	776	104	0.506131649017334	0.8	0.48	0.6	1000
['Encode', 'MCS', 0.2, 'Real', 500, 0]	34	10	390	66	0.448366641998291	0.7727272727272727	0.34	0.47222222222222227	500
['Encode', 'MCS', 0.3, 'Real', 300, 0]	45	3	207	45	0.28089404106140137	0.9375	0.5	0.6521739130434783	300
['Encode', 'FKDN', 0.3, 'Real', 500, 0]	31	13	337	119	0.21929073333740234	0.7045454545454546	0.20666666666666667	0.31958762886597936	500
['Encode', 'MCS', 0.3, 'Real', 500, 0]	70	7	343	80	0.29647088050842285	0.9090909090909091	0.4666666666666667	0.6167400881057269	500
['Encode', 'FKDN', 0.2, 'Real', 1000, 0]	48	13	787	152	0.20401525497436523	0.7868852459016393	0.24	0.367816091954023	1000
['Encode', 'MCS', 0.4, 'Real', 100, 0]	14	1	59	26	0.5308928489685059	0.9333333333333333	0.35	0.5090909090909091	100
['Encode', 'MCS', 0.3, 'Real', 1000, 0]	140	12	688	160	0.6778929233551025	0.9210526315789473	0.4666666666666667	0.6194690265486725	1000
['Encode', 'FKDN', 0.3, 'Real', 300, 0]	25	10	200	65	0.1957874298095703	0.7142857142857143	0.2777777777777778	0.4	300
['Encode', 'FKDN', 0.3, 'Real', 100, 0]	10	0	70	20	0.11494827270507812	1.0	0.3333333333333333	0.5	100
['Encode', 'FKDN', 0.2, 'Real', 500, 0]	22	11	389	78	0.14386606216430664	0.6666666666666666	0.22	0.33082706766917297	500
['Encode', 'FKDN', 0.2, 'Real', 100, 0]	7	2	78	13	0.11647176742553711	0.7777777777777778	0.35	0.48275862068965514	100
['Encode', 'FKDN', 0.2, 'Real', 300, 0]	15	5	235	45	0.1923961639404297	0.75	0.25	0.375	300
['Encode', 'MCS', 0.7, 'Real', 500, 0]	163	6	144	187	0.28833532333374023	0.9644970414201184	0.4657142857142857	0.628131021194605	500
['Encode', 'MCS', 0.7, 'Real', 300, 0]	86	8	82	124	0.3489694595336914	0.9148936170212766	0.4095238095238095	0.5657894736842105	300
['Encode', 'MCS', 0.6, 'Real', 1000, 0]	282	12	388	318	0.41457533836364746	0.9591836734693877	0.47	0.6308724832214765	1000
['Encode', 'KDN', 0.6, 'Real', 500, 0]	153	37	163	147	0.018279075622558594	0.8052631578947368	0.51	0.6244897959183674	500
['Encode', 'KDN', 0.6, 'Real', 1000, 0]	289	55	345	311	0.01711559295654297	0.8401162790697675	0.4816666666666667	0.6122881355932204	1000
['Encode', 'MCS', 0.6, 'Real', 300, 0]	84	6	114	96	0.35813260078430176	0.9333333333333333	0.4666666666666667	0.6222222222222223	300
['Encode', 'MCS', 0.7, 'Real', 100, 0]	29	0	30	41	0.3663473129272461	1.0	0.4142857142857143	0.5858585858585859	100
['Encode', 'KDN', 0.7, 'Real', 100, 0]	24	4	26	46	0.010608673095703125	0.8571428571428571	0.34285714285714286	0.4897959183673469	100
['Encode', 'MCS', 0.6, 'Real', 500, 0]	134	13	187	166	0.3953230381011963	0.9115646258503401	0.44666666666666666	0.5995525727069352	500
['Encode', 'KDN', 0.7, 'Real', 500, 0]	159	17	133	191	0.012361526489257812	0.9034090909090909	0.4542857142857143	0.6045627376425856	500
['Encode', 'MCS', 0.6, 'Real', 100, 0]	20	0	40	40	0.34950923919677734	1.0	0.3333333333333333	0.5	100
['Encode', 'FKDN', 0.05, 'Real', 100, 0]	3	2	93	2	0.16549396514892578	0.6	0.6	0.6	100
['Encode', 'KDN', 0.7, 'Real', 300, 0]	97	13	77	113	0.011177778244018555	0.8818181818181818	0.46190476190476193	0.60625	300
['Encode', 'KDN', 0.7, 'Real', 1000, 0]	346	55	245	354	0.024420499801635742	0.8628428927680798	0.4942857142857143	0.628519527702089	1000
['Encode', 'PD', 0.2, 'Real', 500, 0]	49	1	399	51	0.02082514762878418	0.98	0.49	0.6533333333333333	500
['Encode', 'RFD', 0.6, 'Real', 1000, 0]	130	69	331	470	0.20225763320922852	0.6532663316582915	0.21666666666666667	0.3254067584480601	1000
['Encode', 'RFD', 0.6, 'Real', 300, 0]	53	26	94	127	0.23170089721679688	0.6708860759493671	0.29444444444444445	0.4092664092664093	300
['Encode', 'FKDN', 0.7, 'Real', 300, 0]	25	14	76	185	0.18752574920654297	0.6410256410256411	0.11904761904761904	0.20080321285140562	300
['Encode', 'PD', 0.6, 'Real', 1000, 0]	285	2	398	315	0.02465534210205078	0.9930313588850174	0.475	0.6426155580608793	1000
['Encode', 'RkDN', 0.05, 'Real', 1000, 0]	23	23	927	27	0.028927326202392578	0.5	0.46	0.4791666666666667	1000
['Encode', 'FKDN', 0.1, 'Real', 1000, 0]	26	16	884	74	0.27117323875427246	0.6190476190476191	0.26	0.36619718309859156	1000
['Encode', 'FKDN', 0.1, 'Real', 500, 0]	17	4	446	33	0.21220660209655762	0.8095238095238095	0.34	0.47887323943661975	500
['Encode', 'PD', 0.6, 'Real', 500, 0]	152	4	196	148	0.02118659019470215	0.9743589743589743	0.5066666666666667	0.6666666666666667	500
['Encode', 'RkDN', 0.05, 'Real', 300, 0]	4	3	282	11	0.011771440505981445	0.5714285714285714	0.26666666666666666	0.36363636363636365	300
['Encode', 'PD', 0.6, 'Real', 300, 0]	40	41	79	140	0.012521505355834961	0.49382716049382713	0.2222222222222222	0.3065134099616858	300
['Encode', 'FKDN', 0.1, 'Real', 300, 0]	11	3	267	19	0.12642955780029297	0.7857142857142857	0.36666666666666664	0.5	300
['Encode', 'RkDN', 0.05, 'Real', 500, 0]	8	14	461	17	0.014046430587768555	0.36363636363636365	0.32	0.3404255319148936	500
['Encode', 'PD', 0.5, 'Real', 300, 0]	65	5	145	85	0.01853322982788086	0.9285714285714286	0.43333333333333335	0.5909090909090909	300
['Encode', 'FKDN', 0.05, 'Real', 1000, 0]	22	10	940	28	0.19118642807006836	0.6875	0.44	0.5365853658536586	1000
['Encode', 'FKDN', 0.1, 'Real', 100, 0]	3	2	88	7	0.17550277709960938	0.6	0.3	0.4	100
['Encode', 'FKDN', 0.7, 'Real', 500, 0]	38	22	128	312	0.1540544033050537	0.6333333333333333	0.10857142857142857	0.18536585365853658	500
['Encode', 'PD', 0.5, 'Real', 1000, 0]	265	8	492	235	0.01721644401550293	0.9706959706959707	0.53	0.6856403622250972	1000
['Encode', 'FKDN', 0.7, 'Real', 1000, 0]	59	54	246	641	0.21930646896362305	0.5221238938053098	0.08428571428571428	0.14514145141451415	1000
['Encode', 'PD', 0.6, 'Real', 100, 0]	19	0	40	41	0.01791977882385254	1.0	0.31666666666666665	0.4810126582278481	100
['Encode', 'RkDN', 0.05, 'Real', 100, 0]	1	2	93	4	0.015602350234985352	0.3333333333333333	0.2	0.25	100
['Encode', 'RFD', 0.4, 'Real', 300, 0]	48	23	157	72	0.14830994606018066	0.676056338028169	0.4	0.5026178010471205	300
['Encode', 'RFD', 0.4, 'Real', 100, 0]	15	4	56	25	0.20908427238464355	0.7894736842105263	0.375	0.5084745762711864	100
['Encode', 'PD', 0.5, 'Real', 500, 0]	112	1	249	138	0.021621227264404297	0.9911504424778761	0.448	0.6170798898071626	500
['Encode', 'FKDN', 0.05, 'Real', 500, 0]	10	7	468	15	0.21361947059631348	0.5882352941176471	0.4	0.4761904761904762	500
['Encode', 'IH', 0.4, 'Real', 1000, 0]	165	29	571	235	0.14103388786315918	0.8505154639175257	0.4125	0.5555555555555556	1000
['Encode', 'MCS', 0.5, 'Real', 1000, 0]	232	4	496	268	0.4625256061553955	0.9830508474576272	0.464	0.6304347826086957	1000
['Encode', 'RFD', 0.5, 'Real', 100, 0]	22	11	39	28	0.1343686580657959	0.6666666666666666	0.44	0.5301204819277109	100
['Encode', 'RFD', 0.4, 'Real', 500, 0]	66	44	256	134	0.24570226669311523	0.6	0.33	0.42580645161290326	500
['Encode', 'FKDN', 0.05, 'Real', 300, 0]	8	2	283	7	0.18816542625427246	0.8	0.5333333333333333	0.64	300
['Encode', 'RFD', 0.4, 'Real', 1000, 0]	143	83	517	257	0.3058018684387207	0.6327433628318584	0.3575	0.45686900958466453	1000
['Encode', 'RFD', 0.5, 'Real', 500, 0]	71	44	206	179	0.16489577293395996	0.6173913043478261	0.284	0.3890410958904109	500
['Encode', 'RFD', 0.5, 'Real', 300, 0]	41	21	129	109	0.21390724182128906	0.6612903225806451	0.2733333333333333	0.38679245283018865	300
['Encode', 'IH', 0.4, 'Real', 500, 0]	89	21	279	111	0.17709779739379883	0.8090909090909091	0.445	0.5741935483870968	500
['Encode', 'MCS', 0.5, 'Real', 500, 0]	109	6	244	141	0.555058479309082	0.9478260869565217	0.436	0.5972602739726027	500
['Encode', 'IH', 0.4, 'Real', 300, 0]	55	10	170	65	0.16685724258422852	0.8461538461538461	0.4583333333333333	0.5945945945945945	300
['Encode', 'MCS', 0.5, 'Real', 100, 0]	18	3	47	32	0.27705931663513184	0.8571428571428571	0.36	0.5070422535211268	100
['Encode', 'PD', 0.7, 'Real', 300, 0]	79	6	84	131	0.013495683670043945	0.9294117647058824	0.3761904761904762	0.535593220338983	300
['Encode', 'PD', 0.7, 'Real', 100, 0]	10	11	19	60	0.017483234405517578	0.47619047619047616	0.14285714285714285	0.21978021978021975	100
['Encode', 'PD', 0.05, 'Real', 100, 0]	3	0	95	2	0.017009496688842773	1.0	0.6	0.7499999999999999	100
['Encode', 'PD', 0.05, 'Real', 300, 0]	8	7	278	7	0.0196835994720459	0.5333333333333333	0.5333333333333333	0.5333333333333333	300
['Encode', 'IH', 0.4, 'Real', 100, 0]	18	7	53	22	0.1543715000152588	0.72	0.45	0.5538461538461539	100
['Encode', 'MCS', 0.5, 'Real', 300, 0]	67	3	147	83	0.4875824451446533	0.9571428571428572	0.44666666666666666	0.6090909090909091	300
['Encode', 'PD', 0.7, 'Real', 500, 0]	100	63	87	250	0.02057647705078125	0.6134969325153374	0.2857142857142857	0.3898635477582846	500
['Encode', 'MCS', 0.4, 'Real', 1000, 0]	194	15	585	206	0.7096207141876221	0.9282296650717703	0.485	0.6371100164203611	1000
['Encode', 'PD', 0.05, 'Real', 500, 0]	13	8	467	12	0.016347169876098633	0.6190476190476191	0.52	0.5652173913043478	500
['Encode', 'PD', 0.05, 'Real', 1000, 0]	24	10	940	26	0.023884057998657227	0.7058823529411765	0.48	0.5714285714285713	1000
['Encode', 'PD', 0.7, 'Real', 1000, 0]	189	104	196	511	0.02602362632751465	0.6450511945392492	0.27	0.3806646525679758	1000
['Encode', 'IH', 0.3, 'Real', 1000, 0]	130	27	673	170	0.2124161720275879	0.8280254777070064	0.43333333333333335	0.5689277899343546	1000
['Encode', 'PD', 0.1, 'Real', 100, 0]	4	3	87	6	0.011150121688842773	0.5714285714285714	0.4	0.47058823529411764	100
['Encode', 'MCS', 0.05, 'Real', 100, 0]	3	2	93	2	0.19411659240722656	0.6	0.6	0.6	100
['Encode', 'MCS', 0.4, 'Real', 500, 0]	93	10	290	107	0.3971269130706787	0.9029126213592233	0.465	0.6138613861386139	500
['Encode', 'IH', 0.3, 'Real', 500, 0]	62	13	337	88	0.12296485900878906	0.8266666666666667	0.41333333333333333	0.5511111111111111	500
['Encode', 'MCS', 0.05, 'Real', 300, 0]	7	4	281	8	0.3354682922363281	0.6363636363636364	0.4666666666666667	0.5384615384615385	300
['Encode', 'PD', 0.1, 'Real', 300, 0]	18	3	267	12	0.019281625747680664	0.8571428571428571	0.6	0.7058823529411764	300
['Encode', 'IH', 0.3, 'Real', 300, 0]	54	7	203	36	0.17255377769470215	0.8852459016393442	0.6	0.7152317880794702	300
['Encode', 'MCS', 0.4, 'Real', 300, 0]	55	8	172	65	0.3965151309967041	0.873015873015873	0.4583333333333333	0.6010928961748634	300
['Encode', 'MCS', 0.05, 'Real', 500, 0]	10	10	465	15	0.3836250305175781	0.5	0.4	0.4444444444444445	500
['Encode', 'PD', 0.1, 'Real', 500, 0]	26	6	444	24	0.021128416061401367	0.8125	0.52	0.6341463414634146	500
['Encode', 'KDN', 0.1, 'Real', 500, 0]	25	11	439	25	0.020523548126220703	0.6944444444444444	0.5	0.5813953488372093	500
['Encode', 'KDN', 0.2, 'Real', 100, 0]	11	3	77	9	0.014751672744750977	0.7857142857142857	0.55	0.6470588235294117	100
['Encode', 'KDN', 0.2, 'Real', 300, 0]	30	11	229	30	0.015636205673217773	0.7317073170731707	0.5	0.594059405940594	300
['Encode', 'KDN', 0.2, 'Real', 1000, 0]	102	41	759	98	0.024808406829833984	0.7132867132867133	0.51	0.5947521865889214	1000
['Encode', 'KDN', 0.3, 'Real', 300, 0]	37	8	202	53	0.011190414428710938	0.8222222222222222	0.4111111111111111	0.548148148148148	300
['Encode', 'PD', 0.2, 'Real', 300, 0]	25	11	229	35	0.012440681457519531	0.6944444444444444	0.4166666666666667	0.5208333333333334	300
['Encode', 'RFD', 0.7, 'Real', 300, 0]	53	19	71	157	0.14784955978393555	0.7361111111111112	0.2523809523809524	0.3758865248226951	300
['Encode', 'PD', 0.1, 'Real', 1000, 0]	46	12	888	54	0.01715683937072754	0.7931034482758621	0.46	0.5822784810126583	1000
['Encode', 'KDN', 0.3, 'Real', 100, 0]	18	3	67	12	0.011063337326049805	0.8571428571428571	0.6	0.7058823529411764	100
['Encode', 'KDN', 0.3, 'Real', 1000, 0]	156	29	671	144	0.017281055450439453	0.8432432432432433	0.52	0.643298969072165	1000
['Encode', 'KDN', 0.4, 'Real', 500, 0]	106	24	276	94	0.012557268142700195	0.8153846153846154	0.53	0.6424242424242425	500
['Encode', 'PD', 0.3, 'Real', 300, 0]	51	3	207	39	0.012343645095825195	0.9444444444444444	0.5666666666666667	0.7083333333333334	300
['Encode', 'PD', 0.3, 'Real', 100, 0]	14	0	70	16	0.015766143798828125	1.0	0.4666666666666667	0.6363636363636364	100
['Encode', 'PD', 0.2, 'Real', 1000, 0]	91	12	788	109	0.024415016174316406	0.883495145631068	0.455	0.6006600660066007	1000
['Encode', 'FKDN', 0.5, 'Real', 1000, 0]	60	40	460	440	0.28545522689819336	0.6	0.12	0.19999999999999998	1000
['Encode', 'RkDN', 0.4, 'Real', 1000, 0]	179	45	555	221	0.02851390838623047	0.7991071428571429	0.4475	0.5737179487179487	1000
['Encode', 'RkDN', 0.5, 'Real', 300, 0]	64	11	139	86	0.01701045036315918	0.8533333333333334	0.4266666666666667	0.568888888888889	300
['Encode', 'RkDN', 0.5, 'Real', 100, 0]	17	5	45	33	0.01427602767944336	0.7727272727272727	0.34	0.47222222222222227	100
['Encode', 'FKDN', 0.6, 'Real', 100, 0]	11	4	36	49	0.17877984046936035	0.7333333333333333	0.18333333333333332	0.2933333333333333	100
['Encode', 'FKDN', 0.6, 'Real', 300, 0]	24	11	109	156	0.20347833633422852	0.6857142857142857	0.13333333333333333	0.22325581395348837	300
['Encode', 'RkDN', 0.6, 'Real', 100, 0]	25	4	36	35	0.013980388641357422	0.8620689655172413	0.4166666666666667	0.5617977528089887	100
['Encode', 'FKDN', 0.7, 'Real', 100, 0]	5	6	24	65	0.1658012866973877	0.45454545454545453	0.07142857142857142	0.12345679012345678	100
['Encode', 'FKDN', 0.6, 'Real', 1000, 0]	57	54	346	543	0.21366000175476074	0.5135135135135135	0.095	0.16033755274261605	1000
['Encode', 'RkDN', 0.5, 'Real', 500, 0]	108	23	227	142	0.02258586883544922	0.8244274809160306	0.432	0.5669291338582677	500
['Encode', 'RFD', 0.05, 'Real', 500, 0]	10	10	465	15	0.23607134819030762	0.5	0.4	0.4444444444444445	500
['Encode', 'RFD', 0.1, 'Real', 300, 0]	10	10	260	20	0.14148497581481934	0.5	0.3333333333333333	0.4	300
['Encode', 'RFD', 0.1, 'Real', 500, 0]	27	19	431	23	0.2444159984588623	0.5869565217391305	0.54	0.5625000000000001	500
['Encode', 'IH', 0.1, 'Real', 1000, 0]	46	30	870	54	0.13475894927978516	0.6052631578947368	0.46	0.5227272727272727	1000
['Encode', 'IH', 0.2, 'Real', 1000, 0]	89	33	767	111	0.2105410099029541	0.7295081967213115	0.445	0.5527950310559006	1000
['Encode', 'KDN', 0.1, 'Real', 1000, 0]	56	28	872	44	0.017972230911254883	0.6666666666666666	0.56	0.6086956521739131	1000
['Encode', 'IH', 0.2, 'Real', 100, 0]	10	4	76	10	0.06787729263305664	0.7142857142857143	0.5	0.588235294117647	100
['Encode', 'RFD', 0.1, 'Real', 1000, 0]	47	24	876	53	0.24435901641845703	0.6619718309859155	0.47	0.5497076023391813	1000
['Encode', 'IH', 0.3, 'Real', 100, 0]	20	8	62	10	0.09985733032226562	0.7142857142857143	0.6666666666666666	0.689655172413793	100
['Encode', 'RFD', 0.6, 'Real', 100, 0]	21	4	36	39	0.13513755798339844	0.84	0.35	0.49411764705882355	100
['Encode', 'KDN', 0.1, 'Real', 300, 0]	12	3	267	18	0.016460180282592773	0.8	0.4	0.5333333333333333	300
['Encode', 'KDN', 0.2, 'Real', 500, 0]	41	17	383	59	0.012829065322875977	0.7068965517241379	0.41	0.5189873417721519	500
['Encode', 'RkDN', 0.4, 'Real', 500, 0]	91	19	281	109	0.014486074447631836	0.8272727272727273	0.455	0.5870967741935484	500
['Encode', 'FKDN', 0.5, 'Real', 500, 0]	41	14	236	209	0.15343785285949707	0.7454545454545455	0.164	0.26885245901639343	500
['Encode', 'FKDN', 0.6, 'Real', 500, 0]	23	12	188	277	0.15010619163513184	0.6571428571428571	0.07666666666666666	0.13731343283582087	500
['Encode', 'RkDN', 0.5, 'Real', 1000, 0]	213	34	466	287	0.019039392471313477	0.8623481781376519	0.426	0.5702811244979921	1000
['Encode', 'RFD', 0.5, 'Real', 1000, 0]	133	81	419	367	0.19541215896606445	0.6214953271028038	0.266	0.37254901960784315	1000
['Encode', 'RFD', 0.1, 'Real', 100, 0]	4	1	89	6	0.13157320022583008	0.8	0.4	0.5333333333333333	100
['Encode', 'RFD', 0.6, 'Real', 500, 0]	72	41	159	228	0.18907976150512695	0.6371681415929203	0.24	0.34866828087167073	500
['Encode', 'RFD', 0.7, 'Real', 100, 0]	23	8	22	47	0.13233733177185059	0.7419354838709677	0.32857142857142857	0.45544554455445546	100
['Encode', 'PD', 0.2, 'Real', 100, 0]	10	3	77	10	0.011084794998168945	0.7692307692307693	0.5	0.6060606060606061	100
['Encode', 'IH', 0.1, 'Real', 500, 0]	21	17	433	29	0.11797761917114258	0.5526315789473685	0.42	0.4772727272727273	500
['Encode', 'RFD', 0.2, 'Real', 100, 0]	7	4	76	13	0.18943190574645996	0.6363636363636364	0.35	0.45161290322580644	100
['Encode', 'KDN', 0.3, 'Real', 500, 0]	66	16	334	84	0.013961076736450195	0.8048780487804879	0.44	0.5689655172413793	500
['Encode', 'IH', 0.2, 'Real', 300, 0]	27	10	230	33	0.16595029830932617	0.7297297297297297	0.45	0.556701030927835	300
['Encode', 'IH', 0.2, 'Real', 500, 0]	54	20	380	46	0.180955171585083	0.7297297297297297	0.54	0.6206896551724138	500
['Encode', 'KDN', 0.4, 'Real', 100, 0]	17	5	55	23	0.014138460159301758	0.7727272727272727	0.425	0.5483870967741935	100
['Encode', 'KDN', 0.4, 'Real', 300, 0]	60	14	166	60	0.011780261993408203	0.8108108108108109	0.5	0.6185567010309277	300
